timestamp,lantai,titik_id,x_px,y_px,slot_waktu,device,scan_ke,ssid,bssid,freq_mhz,channel,band,width_mhz,rssi_dbm,noise_dbm,sta_count,ch_util_pct,security,pmf,catatan
2026-10-07T10:35:28,3,L3-026,,,T1,ZHAFIF,1,hama,42:13:4f:63:cf:7e,2452,9,2.4,20,-72.0,,,,WPA2-Personal,capable,ruang kelas; terisi; pintu terbuka
2026-10-07T10:35:28,3,L3-026,,,T1,ZHAFIF,1,WiFi-UB.x,e8:10:98:82:05:a0,5785,157,5,40,-72.0,,,,WPA2/3-Enterprise,no,ruang kelas; terisi; pintu terbuka
2026-10-07T10:35:28,3,L3-026,,,T1,ZHAFIF,1,ilsie,36:0e:72:cd:4c:eb,2462,11,2.4,20,-81.0,,,,WPA2/WPA3-Personal,capable,ruang kelas; terisi; pintu terbuka
2026-10-07T10:35:28,3,L3-026,,,T1,ZHAFIF,1,FILKOM EVENT,e8:10:98:82:0b:43,5745,149,5,40,-79.0,,,,WPA2-Personal,no,ruang kelas; terisi; pintu terbuka
2026-10-07T10:35:28,3,L3-026,,,T1,ZHAFIF,1,Gogo,e8:49:43:1b:67:9b,2422,3,2.4,20,-82.0,,,,WPA2-Personal,no,ruang kelas; terisi; pintu terbuka
2026-10-07T10:35:28,3,L3-026,,,T1,ZHAFIF,1,eduroam,54:d7:e3:45:51:22,2412,1,2.4,20,-70.0,,,,WPA2/3-Enterprise,no,ruang kelas; terisi; pintu terbuka
2026-10-07T10:35:28,3,L3-026,,,T1,ZHAFIF,1,WiFi-FILKOM,54:d7:e3:45:51:21,2412,1,2.4,20,-75.0,,,,WPA2/3-Enterprise,no,ruang kelas; terisi; pintu terbuka
2026-10-07T10:35:28,3,L3-026,,,T1,ZHAFIF,1,WiFi-FILKOM,fc:7f:f1:dd:53:21,2462,11,2.4,20,-50.0,,,,WPA2/3-Enterprise,no,ruang kelas; terisi; pintu terbuka
2026-10-07T10:35:28,3,L3-026,,,T1,ZHAFIF,1,WiFi-UB.x,b4:79:c8:ae:45:d8,2462,11,2.4,20,-81.0,,0,16.1,WPA2/3-Enterprise,no,ruang kelas; terisi; pintu terbuka
2026-10-07T10:35:28,3,L3-026,,,T1,ZHAFIF,1,Verizon-SM-G996U-d561,32:c0:06:d1:8c:cf,2412,1,2.4,20,-74.0,,,,WPA2-Personal,no,ruang kelas; terisi; pintu terbuka
2026-10-07T10:35:28,3,L3-026,,,T1,ZHAFIF,1,eduroam,e8:10:98:82:0b:42,5745,149,5,40,-71.0,,,,WPA2/3-Enterprise,no,ruang kelas; terisi; pintu terbuka
2026-10-07T10:35:28,3,L3-026,,,T1,ZHAFIF,1,WiFi-UB.x,34:8f:27:44:98:a8,2462,11,2.4,20,-77.0,,4,31.8,WPA2/3-Enterprise,no,ruang kelas; terisi; pintu terbuka
2026-10-07T10:35:28,3,L3-026,,,T1,ZHAFIF,1,WiFi-UB.x,fc:7f:f1:dd:53:20,2462,11,2.4,20,-79.0,,,,WPA2/3-Enterprise,no,ruang kelas; terisi; pintu terbuka
2026-10-07T10:35:28,3,L3-026,,,T1,ZHAFIF,1,REDMI Note 15 5G_DGtJbV4_MI,ae:8b:b7:c3:d9:52,5785,157,5,80,-70.0,,,,WPA2-Personal,capable,ruang kelas; terisi; pintu terbuka
2026-10-07T10:35:28,3,L3-026,,,T1,ZHAFIF,1,eduroam,34:8f:27:04:98:a8,2462,11,2.4,20,-74.0,,2,31.8,WPA2/3-Enterprise,no,ruang kelas; terisi; pintu terbuka
2026-10-07T10:35:28,3,L3-026,,,T1,ZHAFIF,1,WiFi-UB.x,e8:10:98:82:0b:30,2462,11,2.4,20,-69.0,,,,WPA2/3-Enterprise,no,ruang kelas; terisi; pintu terbuka
2026-10-07T10:35:28,3,L3-026,,,T1,ZHAFIF,1,khans,46:ac:c1:df:75:4f,2462,11,2.4,20,-73.0,,,,WPA2/WPA3-Personal,capable,ruang kelas; terisi; pintu terbuka
2026-10-07T10:35:28,3,L3-026,,,T1,ZHAFIF,1,WiFi-UB.x,e8:10:98:82:0b:40,5745,149,5,40,-70.0,,,,WPA2/3-Enterprise,no,ruang kelas; terisi; pintu terbuka
2026-10-07T10:35:28,3,L3-026,,,T1,ZHAFIF,1,WiFi-FILKOM,e8:10:98:82:0b:41,5745,149,5,40,-70.0,,,,WPA2/3-Enterprise,no,ruang kelas; terisi; pintu terbuka
2026-10-07T10:35:28,3,L3-026,,,T1,ZHAFIF,1,©®⅞,e6:ce:60:56:6a:41,2462,11,2.4,20,-84.0,,,,WPA2-Personal,no,ruang kelas; terisi; pintu terbuka
2026-10-07T10:35:28,3,L3-026,,,T1,ZHAFIF,1,Lorina,3a:af:bb:80:b5:60,2462,11,2.4,20,-82.0,,,,WPA2-Personal,no,ruang kelas; terisi; pintu terbuka
2026-10-07T10:35:28,3,L3-026,,,T1,ZHAFIF,1,maghalia's Galaxy A13,ce:2e:1c:5a:f0:fc,2437,6,2.4,20,-66.0,,,,WPA2-Personal,no,ruang kelas; terisi; pintu terbuka
2026-10-07T10:35:28,3,L3-026,,,T1,ZHAFIF,1,WiFi-UB.x,c0:c7:0a:58:3a:71,2462,11,2.4,20,-67.0,,9,36.1,WPA2/3-Enterprise,capable,ruang kelas; terisi; pintu terbuka
2026-10-07T10:35:28,3,L3-026,,,T1,ZHAFIF,1,bibimm,32:06:5f:78:3b:3c,2437,6,2.4,20,-73.0,,,,WPA2-Personal,no,ruang kelas; terisi; pintu terbuka
2026-10-07T10:35:28,3,L3-026,,,T1,ZHAFIF,1,eduroam,fc:7f:f1:dd:53:22,2462,11,2.4,20,-53.0,,,,WPA2/3-Enterprise,no,ruang kelas; terisi; pintu terbuka
2026-10-07T10:35:28,3,L3-026,,,T1,ZHAFIF,1,pikirkan,06:cf:78:e2:66:e1,2437,6,2.4,20,-69.0,,,,WPA2-Personal,no,ruang kelas; terisi; pintu terbuka
2026-10-07T10:35:28,3,L3-026,,,T1,ZHAFIF,1,GAHIJUG,02:0a:f5:56:21:61,2412,1,2.4,20,-59.0,,,,WPA2-Personal,no,ruang kelas; terisi; pintu terbuka
2026-10-07T10:35:28,3,L3-026,,,T1,ZHAFIF,1,WiFi-UB.x,54:d7:e3:45:51:20,2412,1,2.4,20,-68.0,,,,WPA2/3-Enterprise,no,ruang kelas; terisi; pintu terbuka
2026-10-07T10:35:37,3,L3-026,,,T1,ZHAFIF,2,jak,32:f8:2d:c9:c5:e4,2437,6,2.4,20,-73.0,,,,WPA2-Personal,no,ruang kelas; terisi; pintu terbuka
2026-10-07T10:35:37,3,L3-026,,,T1,ZHAFIF,2,FILKOM EVENT,54:d7:e3:45:51:23,2412,1,2.4,20,-62.0,,,,WPA2-Personal,no,ruang kelas; terisi; pintu terbuka
2026-10-07T10:35:37,3,L3-026,,,T1,ZHAFIF,2,hama,42:13:4f:63:cf:7e,2452,9,2.4,20,-70.0,,,,WPA2-Personal,capable,ruang kelas; terisi; pintu terbuka
2026-10-07T10:35:37,3,L3-026,,,T1,ZHAFIF,2,WiFi-UB.x,e8:10:98:82:05:a0,5785,157,5,40,-72.0,,,,WPA2/3-Enterprise,no,ruang kelas; terisi; pintu terbuka
2026-10-07T10:35:37,3,L3-026,,,T1,ZHAFIF,2,ilsie,36:0e:72:cd:4c:eb,2462,11,2.4,20,-81.0,,,,WPA2/WPA3-Personal,capable,ruang kelas; terisi; pintu terbuka
2026-10-07T10:35:37,3,L3-026,,,T1,ZHAFIF,2,FILKOM EVENT,e8:10:98:82:0b:43,5745,149,5,40,-79.0,,,,WPA2-Personal,no,ruang kelas; terisi; pintu terbuka
2026-10-07T10:35:37,3,L3-026,,,T1,ZHAFIF,2,Gogo,e8:49:43:1b:67:9b,2422,3,2.4,20,-82.0,,,,WPA2-Personal,no,ruang kelas; terisi; pintu terbuka
2026-10-07T10:35:37,3,L3-026,,,T1,ZHAFIF,2,eduroam,54:d7:e3:45:51:22,2412,1,2.4,20,-62.0,,,,WPA2/3-Enterprise,no,ruang kelas; terisi; pintu terbuka
2026-10-07T10:35:37,3,L3-026,,,T1,ZHAFIF,2,WiFi-FILKOM,54:d7:e3:45:51:21,2412,1,2.4,20,-63.0,,,,WPA2/3-Enterprise,no,ruang kelas; terisi; pintu terbuka
2026-10-07T10:35:37,3,L3-026,,,T1,ZHAFIF,2,WiFi-FILKOM,fc:7f:f1:dd:53:21,2462,11,2.4,20,-50.0,,,,WPA2/3-Enterprise,no,ruang kelas; terisi; pintu terbuka
2026-10-07T10:35:37,3,L3-026,,,T1,ZHAFIF,2,WiFi-UB.x,b4:79:c8:ae:45:d8,2462,11,2.4,20,-81.0,,0,16.1,WPA2/3-Enterprise,no,ruang kelas; terisi; pintu terbuka
2026-10-07T10:35:37,3,L3-026,,,T1,ZHAFIF,2,Verizon-SM-G996U-d561,32:c0:06:d1:8c:cf,2412,1,2.4,20,-63.0,,,,WPA2-Personal,no,ruang kelas; terisi; pintu terbuka
2026-10-07T10:35:37,3,L3-026,,,T1,ZHAFIF,2,eduroam,e8:10:98:82:0b:42,5745,149,5,40,-71.0,,,,WPA2/3-Enterprise,no,ruang kelas; terisi; pintu terbuka
2026-10-07T10:35:37,3,L3-026,,,T1,ZHAFIF,2,WiFi-UB.x,34:8f:27:44:98:a8,2462,11,2.4,20,-77.0,,4,31.8,WPA2/3-Enterprise,no,ruang kelas; terisi; pintu terbuka
2026-10-07T10:35:37,3,L3-026,,,T1,ZHAFIF,2,WiFi-UB.x,fc:7f:f1:dd:53:20,2462,11,2.4,20,-79.0,,,,WPA2/3-Enterprise,no,ruang kelas; terisi; pintu terbuka
2026-10-07T10:35:37,3,L3-026,,,T1,ZHAFIF,2,REDMI Note 15 5G_DGtJbV4_MI,ae:8b:b7:c3:d9:52,5785,157,5,80,-70.0,,,,WPA2-Personal,capable,ruang kelas; terisi; pintu terbuka
2026-10-07T10:35:37,3,L3-026,,,T1,ZHAFIF,2,eduroam,34:8f:27:04:98:a8,2462,11,2.4,20,-77.0,,3,30.2,WPA2/3-Enterprise,no,ruang kelas; terisi; pintu terbuka
2026-10-07T10:35:37,3,L3-026,,,T1,ZHAFIF,2,WiFi-UB.x,e8:10:98:82:0b:30,2462,11,2.4,20,-69.0,,,,WPA2/3-Enterprise,no,ruang kelas; terisi; pintu terbuka
2026-10-07T10:35:37,3,L3-026,,,T1,ZHAFIF,2,khans,46:ac:c1:df:75:4f,2462,11,2.4,20,-75.0,,,,WPA2/WPA3-Personal,capable,ruang kelas; terisi; pintu terbuka
2026-10-07T10:35:37,3,L3-026,,,T1,ZHAFIF,2,WiFi-UB.x,e8:10:98:82:0b:40,5745,149,5,40,-70.0,,,,WPA2/3-Enterprise,no,ruang kelas; terisi; pintu terbuka
2026-10-07T10:35:37,3,L3-026,,,T1,ZHAFIF,2,WiFi-FILKOM,e8:10:98:82:0b:41,5745,149,5,40,-70.0,,,,WPA2/3-Enterprise,no,ruang kelas; terisi; pintu terbuka
2026-10-07T10:35:37,3,L3-026,,,T1,ZHAFIF,2,©®⅞,e6:ce:60:56:6a:41,2462,11,2.4,20,-84.0,,,,WPA2-Personal,no,ruang kelas; terisi; pintu terbuka
2026-10-07T10:35:37,3,L3-026,,,T1,ZHAFIF,2,Lorina,3a:af:bb:80:b5:60,2462,11,2.4,20,-82.0,,,,WPA2-Personal,no,ruang kelas; terisi; pintu terbuka
2026-10-07T10:35:37,3,L3-026,,,T1,ZHAFIF,2,maghalia's Galaxy A13,ce:2e:1c:5a:f0:fc,2437,6,2.4,20,-66.0,,,,WPA2-Personal,no,ruang kelas; terisi; pintu terbuka
2026-10-07T10:35:37,3,L3-026,,,T1,ZHAFIF,2,WiFi-UB.x,c0:c7:0a:58:3a:71,2462,11,2.4,20,-67.0,,9,36.1,WPA2/3-Enterprise,capable,ruang kelas; terisi; pintu terbuka
2026-10-07T10:35:37,3,L3-026,,,T1,ZHAFIF,2,bibimm,32:06:5f:78:3b:3c,2437,6,2.4,20,-67.0,,,,WPA2-Personal,no,ruang kelas; terisi; pintu terbuka
2026-10-07T10:35:37,3,L3-026,,,T1,ZHAFIF,2,eduroam,fc:7f:f1:dd:53:22,2462,11,2.4,20,-53.0,,,,WPA2/3-Enterprise,no,ruang kelas; terisi; pintu terbuka
2026-10-07T10:35:37,3,L3-026,,,T1,ZHAFIF,2,pikirkan,06:cf:78:e2:66:e1,2437,6,2.4,20,-69.0,,,,WPA2-Personal,no,ruang kelas; terisi; pintu terbuka
2026-10-07T10:35:37,3,L3-026,,,T1,ZHAFIF,2,GAHIJUG,02:0a:f5:56:21:61,2412,1,2.4,20,-50.0,,,,WPA2-Personal,no,ruang kelas; terisi; pintu terbuka
2026-10-07T10:35:37,3,L3-026,,,T1,ZHAFIF,2,WiFi-UB.x,54:d7:e3:45:51:20,2412,1,2.4,20,-61.0,,,,WPA2/3-Enterprise,no,ruang kelas; terisi; pintu terbuka
2026-10-07T10:35:46,3,L3-026,,,T1,ZHAFIF,3,timun,36:58:54:4d:74:f3,2437,6,2.4,20,-70.0,,,,WPA2-Personal,no,ruang kelas; terisi; pintu terbuka
2026-10-07T10:35:46,3,L3-026,,,T1,ZHAFIF,3,nupis,f2:84:35:e2:f6:4f,2437,6,2.4,20,-69.0,,,,WPA2-Personal,no,ruang kelas; terisi; pintu terbuka
2026-10-07T10:35:46,3,L3-026,,,T1,ZHAFIF,3,eduroam,34:8f:27:04:98:78,2412,1,2.4,20,-83.0,,0,22.0,WPA2/3-Enterprise,no,ruang kelas; terisi; pintu terbuka
2026-10-07T10:35:46,3,L3-026,,,T1,ZHAFIF,3,jak,32:f8:2d:c9:c5:e4,2437,6,2.4,20,-66.0,,,,WPA2-Personal,no,ruang kelas; terisi; pintu terbuka
2026-10-07T10:35:46,3,L3-026,,,T1,ZHAFIF,3,FILKOM EVENT,54:d7:e3:45:51:23,2412,1,2.4,20,-62.0,,,,WPA2-Personal,no,ruang kelas; terisi; pintu terbuka
2026-10-07T10:35:46,3,L3-026,,,T1,ZHAFIF,3,hama,42:13:4f:63:cf:7e,2452,9,2.4,20,-81.0,,,,WPA2-Personal,capable,ruang kelas; terisi; pintu terbuka
2026-10-07T10:35:46,3,L3-026,,,T1,ZHAFIF,3,WiFi-UB.x,e8:10:98:82:05:a0,5785,157,5,40,-72.0,,,,WPA2/3-Enterprise,no,ruang kelas; terisi; pintu terbuka
2026-10-07T10:35:46,3,L3-026,,,T1,ZHAFIF,3,ilsie,36:0e:72:cd:4c:eb,2462,11,2.4,20,-81.0,,,,WPA2/WPA3-Personal,capable,ruang kelas; terisi; pintu terbuka
2026-10-07T10:35:46,3,L3-026,,,T1,ZHAFIF,3,FILKOM EVENT,e8:10:98:82:0b:43,5745,149,5,40,-79.0,,,,WPA2-Personal,no,ruang kelas; terisi; pintu terbuka
2026-10-07T10:35:46,3,L3-026,,,T1,ZHAFIF,3,Gogo,e8:49:43:1b:67:9b,2422,3,2.4,20,-82.0,,,,WPA2-Personal,no,ruang kelas; terisi; pintu terbuka
2026-10-07T10:35:46,3,L3-026,,,T1,ZHAFIF,3,eduroam,54:d7:e3:45:51:22,2412,1,2.4,20,-67.0,,,,WPA2/3-Enterprise,no,ruang kelas; terisi; pintu terbuka
2026-10-07T10:35:46,3,L3-026,,,T1,ZHAFIF,3,WiFi-FILKOM,54:d7:e3:45:51:21,2412,1,2.4,20,-63.0,,,,WPA2/3-Enterprise,no,ruang kelas; terisi; pintu terbuka
2026-10-07T10:35:46,3,L3-026,,,T1,ZHAFIF,3,WiFi-FILKOM,fc:7f:f1:dd:53:21,2462,11,2.4,20,-50.0,,,,WPA2/3-Enterprise,no,ruang kelas; terisi; pintu terbuka
2026-10-07T10:35:46,3,L3-026,,,T1,ZHAFIF,3,WiFi-UB.x,b4:79:c8:ae:45:d8,2462,11,2.4,20,-81.0,,0,16.1,WPA2/3-Enterprise,no,ruang kelas; terisi; pintu terbuka
2026-10-07T10:35:46,3,L3-026,,,T1,ZHAFIF,3,Verizon-SM-G996U-d561,32:c0:06:d1:8c:cf,2412,1,2.4,20,-67.0,,,,WPA2-Personal,no,ruang kelas; terisi; pintu terbuka
2026-10-07T10:35:46,3,L3-026,,,T1,ZHAFIF,3,eduroam,e8:10:98:82:0b:42,5745,149,5,40,-71.0,,,,WPA2/3-Enterprise,no,ruang kelas; terisi; pintu terbuka
2026-10-07T10:35:46,3,L3-026,,,T1,ZHAFIF,3,WiFi-UB.x,34:8f:27:44:98:a8,2462,11,2.4,20,-77.0,,4,31.8,WPA2/3-Enterprise,no,ruang kelas; terisi; pintu terbuka
2026-10-07T10:35:46,3,L3-026,,,T1,ZHAFIF,3,WiFi-UB.x,fc:7f:f1:dd:53:20,2462,11,2.4,20,-79.0,,,,WPA2/3-Enterprise,no,ruang kelas; terisi; pintu terbuka
2026-10-07T10:35:46,3,L3-026,,,T1,ZHAFIF,3,REDMI Note 15 5G_DGtJbV4_MI,ae:8b:b7:c3:d9:52,5785,157,5,80,-72.0,,,,WPA2-Personal,capable,ruang kelas; terisi; pintu terbuka
2026-10-07T10:35:46,3,L3-026,,,T1,ZHAFIF,3,eduroam,34:8f:27:04:98:a8,2462,11,2.4,20,-77.0,,3,30.2,WPA2/3-Enterprise,no,ruang kelas; terisi; pintu terbuka
2026-10-07T10:35:46,3,L3-026,,,T1,ZHAFIF,3,WiFi-UB.x,e8:10:98:82:0b:30,2462,11,2.4,20,-69.0,,,,WPA2/3-Enterprise,no,ruang kelas; terisi; pintu terbuka
2026-10-07T10:35:46,3,L3-026,,,T1,ZHAFIF,3,khans,46:ac:c1:df:75:4f,2462,11,2.4,20,-75.0,,,,WPA2/WPA3-Personal,capable,ruang kelas; terisi; pintu terbuka
2026-10-07T10:35:46,3,L3-026,,,T1,ZHAFIF,3,WiFi-UB.x,e8:10:98:82:0b:40,5745,149,5,40,-70.0,,,,WPA2/3-Enterprise,no,ruang kelas; terisi; pintu terbuka
2026-10-07T10:35:46,3,L3-026,,,T1,ZHAFIF,3,WiFi-FILKOM,e8:10:98:82:0b:41,5745,149,5,40,-70.0,,,,WPA2/3-Enterprise,no,ruang kelas; terisi; pintu terbuka
2026-10-07T10:35:46,3,L3-026,,,T1,ZHAFIF,3,©®⅞,e6:ce:60:56:6a:41,2462,11,2.4,20,-69.0,,,,WPA2-Personal,no,ruang kelas; terisi; pintu terbuka
2026-10-07T10:35:46,3,L3-026,,,T1,ZHAFIF,3,Lorina,3a:af:bb:80:b5:60,2462,11,2.4,20,-82.0,,,,WPA2-Personal,no,ruang kelas; terisi; pintu terbuka
2026-10-07T10:35:46,3,L3-026,,,T1,ZHAFIF,3,maghalia's Galaxy A13,ce:2e:1c:5a:f0:fc,2437,6,2.4,20,-68.0,,,,WPA2-Personal,no,ruang kelas; terisi; pintu terbuka
2026-10-07T10:35:46,3,L3-026,,,T1,ZHAFIF,3,Mas Rusdi,d6:9f:2f:b1:87:e8,2462,11,2.4,20,-71.0,,,,WPA2-Personal,no,ruang kelas; terisi; pintu terbuka
2026-10-07T10:35:46,3,L3-026,,,T1,ZHAFIF,3,WiFi-UB.x,c0:c7:0a:58:3a:71,2462,11,2.4,20,-67.0,,9,36.1,WPA2/3-Enterprise,capable,ruang kelas; terisi; pintu terbuka
2026-10-07T10:35:46,3,L3-026,,,T1,ZHAFIF,3,bibimm,32:06:5f:78:3b:3c,2437,6,2.4,20,-67.0,,,,WPA2-Personal,no,ruang kelas; terisi; pintu terbuka
2026-10-07T10:35:46,3,L3-026,,,T1,ZHAFIF,3,eduroam,fc:7f:f1:dd:53:22,2462,11,2.4,20,-53.0,,,,WPA2/3-Enterprise,no,ruang kelas; terisi; pintu terbuka
2026-10-07T10:35:46,3,L3-026,,,T1,ZHAFIF,3,pikirkan,06:cf:78:e2:66:e1,2437,6,2.4,20,-69.0,,,,WPA2-Personal,no,ruang kelas; terisi; pintu terbuka
2026-10-07T10:35:46,3,L3-026,,,T1,ZHAFIF,3,GAHIJUG,02:0a:f5:56:21:61,2412,1,2.4,20,-58.0,,,,WPA2-Personal,no,ruang kelas; terisi; pintu terbuka
2026-10-07T10:35:46,3,L3-026,,,T1,ZHAFIF,3,WiFi-UB.x,54:d7:e3:45:51:20,2412,1,2.4,20,-62.0,,,,WPA2/3-Enterprise,no,ruang kelas; terisi; pintu terbuka
