waktu,bssid,rssi_dbm,sumber,pindah
12:06:01,54:d7:e3:45:4c:90,-58,iw,
12:06:02,54:d7:e3:45:4c:90,-56,iw,
12:06:03,54:d7:e3:45:4c:90,-56,iw,
12:06:04,54:d7:e3:45:4c:90,-53,iw,
12:06:05,54:d7:e3:45:4c:90,-59,iw,
12:06:06,54:d7:e3:45:4c:90,-50,iw,
12:06:07,54:d7:e3:45:4c:90,-52,iw,
12:06:08,54:d7:e3:45:4c:90,-53,iw,
12:06:09,54:d7:e3:45:4c:90,-55,iw,
12:06:10,54:d7:e3:45:4c:90,-52,iw,
12:06:11,54:d7:e3:45:4c:90,-50,iw,
12:06:12,54:d7:e3:45:4c:90,-54,iw,
12:06:13,54:d7:e3:45:4c:90,-49,iw,
12:06:14,54:d7:e3:45:4c:90,-56,iw,
12:06:15,54:d7:e3:45:4c:90,-55,iw,
12:06:16,54:d7:e3:45:4c:90,-49,iw,
12:06:17,54:d7:e3:45:4c:90,-49,iw,
12:06:18,54:d7:e3:45:4c:90,-58,iw,
12:06:19,54:d7:e3:45:4c:90,-53,iw,
12:06:20,54:d7:e3:45:4c:90,-52,iw,
12:06:21,54:d7:e3:45:4c:90,-54,iw,
12:06:22,54:d7:e3:45:4c:90,-51,iw,
12:06:23,54:d7:e3:45:4c:90,-58,iw,
12:06:24,54:d7:e3:45:4c:90,-56,iw,
12:06:25,54:d7:e3:45:4c:90,-62,iw,
12:06:26,54:d7:e3:45:4c:90,-62,iw,
12:06:27,54:d7:e3:45:4c:90,-58,iw,
12:06:28,54:d7:e3:45:4c:90,-60,iw,
12:06:29,54:d7:e3:45:4c:90,-59,iw,
12:06:30,54:d7:e3:45:4c:90,-55,iw,
12:06:31,54:d7:e3:45:4c:90,-56,iw,
12:06:32,54:d7:e3:45:4c:90,-64,iw,
12:06:33,54:d7:e3:45:4c:90,-65,iw,
12:06:34,54:d7:e3:41:42:d0,-58,iw,YA
12:06:35,54:d7:e3:41:42:d0,-58,iw,
12:06:36,54:d7:e3:41:42:d0,-59,iw,
12:06:37,54:d7:e3:41:42:d0,-61,iw,
12:06:38,54:d7:e3:41:42:d0,-60,iw,
12:06:39,54:d7:e3:41:42:d0,-58,iw,
12:06:40,54:d7:e3:41:42:d0,-64,iw,
12:06:41,54:d7:e3:41:42:d0,-63,iw,
12:06:43,54:d7:e3:41:42:d0,-56,iw,
12:06:44,54:d7:e3:41:42:d0,-61,iw,
12:06:45,54:d7:e3:41:42:d0,-63,iw,
12:06:46,54:d7:e3:41:42:d0,-60,iw,
12:06:47,54:d7:e3:41:42:d0,-61,iw,
12:06:48,54:d7:e3:41:42:d0,-59,iw,
12:06:49,54:d7:e3:41:42:d0,-58,iw,
12:06:50,54:d7:e3:41:42:d0,-57,iw,
12:06:51,54:d7:e3:41:42:d0,-61,iw,
12:06:52,54:d7:e3:41:42:d0,-59,iw,
12:06:53,54:d7:e3:41:42:d0,-60,iw,
12:06:54,54:d7:e3:41:42:d0,-58,iw,
12:06:55,54:d7:e3:41:42:d0,-58,iw,
12:06:56,54:d7:e3:41:42:d0,-60,iw,
12:06:57,54:d7:e3:41:42:d0,-60,iw,
12:06:58,54:d7:e3:41:42:d0,-61,iw,
12:06:59,54:d7:e3:41:42:d0,-55,iw,
12:07:00,54:d7:e3:41:42:d0,-61,iw,
12:07:01,54:d7:e3:41:42:d0,-57,iw,
12:07:02,54:d7:e3:41:42:d0,-59,iw,
12:07:03,54:d7:e3:41:42:d0,-60,iw,
12:07:04,54:d7:e3:41:42:d0,-61,iw,
12:07:05,54:d7:e3:41:42:d0,-65,iw,
12:07:06,54:d7:e3:41:42:d0,-64,iw,
12:07:07,54:d7:e3:41:42:d0,-60,iw,
12:07:08,54:d7:e3:41:42:d0,-63,iw,
12:07:09,54:d7:e3:41:42:d0,-59,iw,
12:07:10,54:d7:e3:41:42:d0,-58,iw,
12:07:11,54:d7:e3:41:42:d0,-61,iw,
12:07:12,54:d7:e3:41:42:d0,-62,iw,
12:07:13,54:d7:e3:41:42:d0,-69,iw,
12:07:14,54:d7:e3:41:42:d0,-68,iw,
12:07:15,54:d7:e3:42:97:90,-61,iw,YA
12:07:16,54:d7:e3:42:97:90,-59,iw,
12:07:17,54:d7:e3:42:97:90,-60,iw,
12:07:18,54:d7:e3:42:97:90,-62,iw,
12:07:19,54:d7:e3:42:97:90,-59,iw,
12:07:20,54:d7:e3:42:97:90,-56,iw,
12:07:21,54:d7:e3:42:97:90,-56,iw,
12:07:22,54:d7:e3:42:97:90,-56,iw,
12:07:23,54:d7:e3:42:97:90,-55,iw,
12:07:24,54:d7:e3:42:97:90,-58,iw,
12:07:25,54:d7:e3:42:97:90,-60,iw,
12:07:26,54:d7:e3:42:97:90,-56,iw,
12:07:27,54:d7:e3:42:97:90,-56,iw,
12:07:28,54:d7:e3:42:97:90,-56,iw,
12:07:29,54:d7:e3:42:97:90,-59,iw,
12:07:30,54:d7:e3:42:97:90,-56,iw,
12:07:31,54:d7:e3:42:97:90,-58,iw,
12:07:32,54:d7:e3:42:97:90,-56,iw,
12:07:33,54:d7:e3:42:97:90,-57,iw,
12:07:34,54:d7:e3:42:97:90,-55,iw,
12:07:35,54:d7:e3:42:97:90,-55,iw,
12:07:36,54:d7:e3:42:97:90,-53,iw,
12:07:37,54:d7:e3:42:97:90,-51,iw,
12:07:38,54:d7:e3:42:97:90,-57,iw,
12:07:39,54:d7:e3:42:97:90,-49,iw,
12:07:40,54:d7:e3:42:97:90,-50,iw,
12:07:41,54:d7:e3:42:97:90,-53,iw,
12:07:42,54:d7:e3:42:97:90,-50,iw,
12:07:43,54:d7:e3:42:97:90,-53,iw,
12:07:45,54:d7:e3:42:97:90,-51,iw,
12:07:46,54:d7:e3:42:97:90,-50,iw,
12:07:47,54:d7:e3:42:97:90,-53,iw,
12:07:48,54:d7:e3:42:97:90,-56,iw,
12:07:49,54:d7:e3:42:97:90,-54,iw,
12:07:50,54:d7:e3:42:97:90,-55,iw,
12:07:51,54:d7:e3:42:97:90,-58,iw,
12:07:52,54:d7:e3:42:97:90,-54,iw,
12:07:53,54:d7:e3:42:97:90,-58,iw,
12:07:54,54:d7:e3:42:97:90,-62,iw,
12:07:55,54:d7:e3:42:97:90,-71,iw,
12:07:56,54:d7:e3:42:97:90,-70,iw,
12:07:57,54:d7:e3:42:97:90,-71,iw,
12:07:58,54:d7:e3:42:97:90,-71,iw,
12:07:59,54:d7:e3:42:97:90,-73,iw,
12:08:00,54:d7:e3:42:97:90,-74,iw,
12:08:01,54:d7:e3:42:97:90,-74,iw,
12:08:02,54:d7:e3:42:97:90,-74,iw,
12:08:03,54:d7:e3:42:97:90,-74,iw,
12:08:04,54:d7:e3:42:97:90,-75,iw,
12:08:05,54:d7:e3:42:97:90,-78,iw,
12:08:06,54:d7:e3:42:97:90,-76,iw,
12:08:07,54:d7:e3:42:97:90,-77,iw,
12:08:08,54:d7:e3:42:97:90,-76,iw,
12:08:09,e8:10:98:82:05:a0,-79,iw,YA
12:08:10,e8:10:98:82:05:a0,-70,iw,
12:08:11,e8:10:98:82:05:a0,-72,iw,
12:08:12,e8:10:98:82:05:a0,-71,iw,
12:08:13,e8:10:98:82:05:a0,-73,iw,
12:08:14,e8:10:98:82:05:a0,-73,iw,
12:08:15,e8:10:98:82:05:a0,-71,iw,
12:08:16,e8:10:98:82:05:a0,-68,iw,
12:08:17,e8:10:98:82:05:a0,-71,iw,
12:08:18,e8:10:98:82:05:a0,-72,iw,
12:08:19,e8:10:98:82:05:a0,-71,iw,
12:08:20,e8:10:98:82:05:a0,-75,iw,
12:08:21,e8:10:98:82:05:a0,-77,iw,
12:08:22,e8:10:98:82:05:a0,-74,iw,
12:08:23,e8:10:98:82:05:a0,-68,iw,
12:08:24,e8:10:98:82:05:a0,-65,iw,
12:08:25,e8:10:98:82:05:a0,-68,iw,
12:08:26,e8:10:98:82:05:a0,-69,iw,
12:08:27,e8:10:98:82:05:a0,-62,iw,
12:08:28,e8:10:98:82:05:a0,-70,iw,
12:08:29,e8:10:98:82:05:a0,-72,iw,
12:08:30,e8:10:98:82:05:a0,-69,iw,
12:08:31,e8:10:98:82:05:a0,-62,iw,
12:08:32,e8:10:98:82:05:a0,-64,iw,
12:08:33,e8:10:98:82:05:a0,-65,iw,
12:08:34,e8:10:98:82:05:a0,-61,iw,
12:08:35,e8:10:98:82:05:a0,-59,iw,
12:08:36,e8:10:98:82:05:a0,-60,iw,
12:08:37,e8:10:98:82:05:a0,-60,iw,
12:08:38,e8:10:98:82:05:a0,-57,iw,
12:08:39,e8:10:98:82:05:a0,-58,iw,
12:08:40,e8:10:98:82:05:a0,-57,iw,
12:08:41,e8:10:98:82:05:a0,-54,iw,
12:08:42,e8:10:98:82:05:a0,-59,iw,
12:08:43,e8:10:98:82:05:a0,-54,iw,
12:08:44,e8:10:98:82:05:a0,-59,iw,
12:08:45,e8:10:98:82:05:a0,-53,iw,
12:08:46,e8:10:98:82:05:a0,-55,iw,
12:08:47,e8:10:98:82:05:a0,-56,iw,
12:08:49,e8:10:98:82:05:a0,-55,iw,
12:08:50,e8:10:98:82:05:a0,-55,iw,
12:08:51,e8:10:98:82:05:a0,-55,iw,
12:08:52,e8:10:98:82:05:a0,-46,iw,
12:08:53,e8:10:98:82:05:a0,-42,iw,
12:08:54,e8:10:98:82:05:a0,-42,iw,
12:08:55,e8:10:98:82:05:a0,-42,iw,
12:08:56,e8:10:98:82:05:a0,-43,iw,
12:08:57,e8:10:98:82:05:a0,-46,iw,
12:08:58,e8:10:98:82:05:a0,-43,iw,
12:08:59,e8:10:98:82:05:a0,-47,iw,
12:09:00,e8:10:98:82:05:a0,-44,iw,
12:09:01,e8:10:98:82:05:a0,-54,iw,
12:09:02,e8:10:98:82:05:a0,-54,iw,
12:09:03,e8:10:98:82:05:a0,-51,iw,
12:09:04,e8:10:98:82:05:a0,-52,iw,
12:09:05,e8:10:98:82:05:a0,-50,iw,
12:09:06,e8:10:98:82:05:a0,-48,iw,
12:09:07,e8:10:98:82:05:a0,-44,iw,
12:09:08,e8:10:98:82:05:a0,-46,iw,
12:09:09,e8:10:98:82:05:a0,-43,iw,
12:09:10,e8:10:98:82:05:a0,-44,iw,
12:09:11,e8:10:98:82:05:a0,-45,iw,
12:09:12,e8:10:98:82:05:a0,-46,iw,
12:09:13,e8:10:98:82:05:a0,-46,iw,
12:09:14,e8:10:98:82:05:a0,-45,iw,
12:09:15,e8:10:98:82:05:a0,-41,iw,
12:09:16,e8:10:98:82:05:a0,-43,iw,
12:09:17,e8:10:98:82:05:a0,-41,iw,
12:09:18,e8:10:98:82:05:a0,-41,iw,
12:09:19,e8:10:98:82:05:a0,-46,iw,
12:09:20,e8:10:98:82:05:a0,-52,iw,
12:09:21,e8:10:98:82:05:a0,-51,iw,
12:09:22,e8:10:98:82:05:a0,-48,iw,
12:09:23,e8:10:98:82:05:a0,-47,iw,
12:09:24,e8:10:98:82:05:a0,-49,iw,
12:09:25,e8:10:98:82:05:a0,-50,iw,
12:09:26,e8:10:98:82:05:a0,-55,iw,
12:09:27,e8:10:98:82:05:a0,-51,iw,
12:09:28,e8:10:98:82:05:a0,-57,iw,
12:09:29,e8:10:98:82:05:a0,-59,iw,
12:09:30,e8:10:98:82:05:a0,-56,iw,
12:09:31,e8:10:98:82:05:a0,-60,iw,
12:09:32,e8:10:98:82:05:a0,-58,iw,
12:09:33,e8:10:98:82:05:a0,-59,iw,
12:09:34,e8:10:98:82:05:a0,-59,iw,
12:09:35,e8:10:98:82:05:a0,-59,iw,
12:09:36,e8:10:98:82:05:a0,-61,iw,
12:09:37,e8:10:98:82:05:a0,-64,iw,
12:09:38,e8:10:98:82:05:a0,-64,iw,
12:09:39,e8:10:98:82:05:a0,-63,iw,
12:09:40,e8:10:98:82:05:a0,-61,iw,
12:09:41,e8:10:98:82:05:a0,-59,iw,
12:09:42,e8:10:98:82:05:a0,-63,iw,
12:09:43,e8:10:98:82:05:a0,-62,iw,
12:09:44,e8:10:98:82:05:a0,-63,iw,
12:09:45,e8:10:98:82:05:a0,-63,iw,
12:09:46,e8:10:98:82:05:a0,-61,iw,
12:09:47,e8:10:98:82:05:a0,-66,iw,
12:09:48,e8:10:98:82:05:a0,-63,iw,
12:09:49,e8:10:98:82:05:a0,-63,iw,
12:09:50,e8:10:98:82:05:a0,-66,iw,
12:09:51,e8:10:98:82:05:a0,-68,iw,
12:09:53,54:d7:e3:42:42:d0,-60,iw,YA
12:09:54,54:d7:e3:42:42:d0,-58,iw,
12:09:55,54:d7:e3:42:42:d0,-55,iw,
12:09:56,54:d7:e3:42:42:d0,-55,iw,
12:09:57,54:d7:e3:42:42:d0,-57,iw,
12:09:58,54:d7:e3:42:42:d0,-58,iw,
12:09:59,54:d7:e3:42:42:d0,-56,iw,
12:10:00,54:d7:e3:42:42:d0,-54,iw,
12:10:01,54:d7:e3:42:42:d0,-56,iw,
12:10:02,54:d7:e3:42:42:d0,-54,iw,
12:10:03,54:d7:e3:42:42:d0,-54,iw,
12:10:04,54:d7:e3:42:42:d0,-56,iw,
12:10:05,54:d7:e3:42:42:d0,-56,iw,
12:10:06,54:d7:e3:42:42:d0,-56,iw,
12:10:07,54:d7:e3:42:42:d0,-53,iw,
12:10:08,54:d7:e3:42:42:d0,-52,iw,
12:10:09,54:d7:e3:42:42:d0,-57,iw,
12:10:10,54:d7:e3:42:42:d0,-57,iw,
12:10:11,54:d7:e3:42:42:d0,-53,iw,
12:10:12,54:d7:e3:42:42:d0,-54,iw,
12:10:13,54:d7:e3:42:42:d0,-55,iw,
12:10:14,54:d7:e3:42:42:d0,-57,iw,
12:10:15,54:d7:e3:42:42:d0,-57,iw,
12:10:16,54:d7:e3:42:42:d0,-56,iw,
12:10:17,54:d7:e3:42:42:d0,-57,iw,
12:10:18,54:d7:e3:42:42:d0,-53,iw,
12:10:19,54:d7:e3:42:42:d0,-56,iw,
12:10:20,54:d7:e3:42:42:d0,-48,iw,
12:10:21,54:d7:e3:42:42:d0,-52,iw,
12:10:22,54:d7:e3:42:42:d0,-51,iw,
12:10:23,54:d7:e3:42:42:d0,-59,iw,
12:10:24,54:d7:e3:42:42:d0,-59,iw,
12:10:25,54:d7:e3:42:42:d0,-65,iw,
12:10:26,54:d7:e3:42:42:d0,-66,iw,
12:10:27,54:d7:e3:42:42:d0,-69,iw,
12:10:28,54:d7:e3:42:42:d0,-67,iw,
12:10:29,fc:7f:f1:dd:53:30,-50,iw,YA
12:10:30,fc:7f:f1:dd:53:30,-46,iw,
12:10:31,fc:7f:f1:dd:53:30,-44,iw,
12:10:32,fc:7f:f1:dd:53:30,-48,iw,
12:10:33,fc:7f:f1:dd:53:30,-50,iw,
12:10:34,fc:7f:f1:dd:53:30,-45,iw,
12:10:35,fc:7f:f1:dd:53:30,-50,iw,
12:10:36,fc:7f:f1:dd:53:30,-50,iw,
12:10:37,fc:7f:f1:dd:53:30,-44,iw,
12:10:38,fc:7f:f1:dd:53:30,-44,iw,
12:10:39,fc:7f:f1:dd:53:30,-41,iw,
12:10:40,fc:7f:f1:dd:53:30,-44,iw,
12:10:41,fc:7f:f1:dd:53:30,-37,iw,
12:10:42,fc:7f:f1:dd:53:30,-44,iw,
12:10:43,fc:7f:f1:dd:53:30,-40,iw,
12:10:44,fc:7f:f1:dd:53:30,-40,iw,
12:10:45,fc:7f:f1:dd:53:30,-46,iw,
12:10:46,fc:7f:f1:dd:53:30,-53,iw,
12:10:47,fc:7f:f1:dd:53:30,-57,iw,
12:10:48,fc:7f:f1:dd:53:30,-53,iw,
12:10:49,fc:7f:f1:dd:53:30,-56,iw,
12:10:50,fc:7f:f1:dd:53:30,-54,iw,
12:10:51,fc:7f:f1:dd:53:30,-53,iw,
12:10:52,fc:7f:f1:dd:53:30,-49,iw,
12:10:53,fc:7f:f1:dd:53:30,-47,iw,
12:10:54,fc:7f:f1:dd:53:30,-48,iw,
12:10:56,fc:7f:f1:dd:53:30,-53,iw,
12:10:57,fc:7f:f1:dd:53:30,-55,iw,
12:10:58,fc:7f:f1:dd:53:30,-55,iw,
12:10:59,fc:7f:f1:dd:53:30,-54,iw,
12:11:00,fc:7f:f1:dd:53:30,-65,iw,
12:11:01,fc:7f:f1:dd:53:30,-56,iw,
12:11:02,fc:7f:f1:dd:53:30,-58,iw,
12:11:03,fc:7f:f1:dd:53:30,-58,iw,
12:11:04,fc:7f:f1:dd:53:30,-57,iw,
12:11:05,fc:7f:f1:dd:53:30,-59,iw,
12:11:06,fc:7f:f1:dd:53:30,-56,iw,
