waktu,bssid,rssi_dbm,sumber,pindah
12:16:01,54:d7:e3:45:4c:90,-62.0,aprox,
12:16:02,54:d7:e3:45:4c:90,-62.0,aprox,
12:16:03,54:d7:e3:45:4c:90,-62.0,aprox,
12:16:04,54:d7:e3:45:4c:90,-62.0,aprox,
12:16:05,54:d7:e3:45:4c:90,-62.0,aprox,
12:16:06,54:d7:e3:45:4c:90,-62.0,aprox,
12:16:07,54:d7:e3:45:4c:90,-62.0,aprox,
12:16:08,54:d7:e3:45:4c:90,-62.0,aprox,
12:16:09,54:d7:e3:45:4c:90,-62.0,aprox,
12:16:10,54:d7:e3:45:4c:90,-62.0,aprox,
12:16:11,54:d7:e3:45:4c:90,-62.0,aprox,
12:16:12,54:d7:e3:45:4c:90,-62.0,aprox,
12:16:13,54:d7:e3:45:4c:90,-60.0,aprox,
12:16:14,54:d7:e3:45:4c:90,-60.0,aprox,
12:16:15,54:d7:e3:45:4c:90,-60.0,aprox,
12:16:16,54:d7:e3:45:4c:90,-60.0,aprox,
12:16:18,54:d7:e3:45:4c:90,-60.0,aprox,
12:16:19,54:d7:e3:45:4c:90,-60.0,aprox,
12:16:20,54:d7:e3:45:4c:90,-60.0,aprox,
12:16:21,54:d7:e3:45:4c:90,-60.0,aprox,
12:16:22,54:d7:e3:45:4c:90,-60.0,aprox,
12:16:23,54:d7:e3:45:4c:90,-60.0,aprox,
12:16:24,54:d7:e3:45:4c:90,-60.5,aprox,
12:16:25,54:d7:e3:45:4c:90,-60.0,aprox,
12:16:26,54:d7:e3:45:4c:90,-60.5,aprox,
12:16:27,54:d7:e3:45:4c:90,-60.5,aprox,
12:16:28,54:d7:e3:45:4c:90,-60.5,aprox,
12:16:29,54:d7:e3:45:4c:90,-60.5,aprox,
12:16:30,54:d7:e3:45:4c:90,-60.5,aprox,
12:16:31,54:d7:e3:45:4c:90,-60.5,aprox,
12:16:32,54:d7:e3:45:4c:90,-60.5,aprox,
12:16:33,54:d7:e3:45:4c:90,-60.5,aprox,
12:16:34,54:d7:e3:45:4c:90,-60.5,aprox,
12:16:35,54:d7:e3:45:4c:90,-60.5,aprox,
12:16:36,54:d7:e3:45:4c:90,-60.5,aprox,
12:16:37,54:d7:e3:45:4c:90,-60.5,aprox,
12:16:38,54:d7:e3:45:4c:90,-60.5,aprox,
12:16:39,54:d7:e3:45:4c:90,-60.5,aprox,
12:16:40,54:d7:e3:45:4c:90,-60.5,aprox,
12:16:41,54:d7:e3:45:4c:90,-60.5,aprox,
12:16:42,54:d7:e3:45:4c:90,-60.5,aprox,
12:16:43,54:d7:e3:45:4c:90,-60.5,aprox,
12:16:44,54:d7:e3:45:4c:90,-60.5,aprox,
12:16:45,54:d7:e3:45:4c:90,-60.5,aprox,
12:16:46,54:d7:e3:45:4c:90,-60.5,aprox,
12:16:47,54:d7:e3:45:4c:90,-60.5,aprox,
12:16:48,54:d7:e3:45:4c:90,-60.5,aprox,
12:16:49,54:d7:e3:45:4c:90,-60.5,aprox,
12:16:50,54:d7:e3:45:4c:90,-60.5,aprox,
12:16:51,54:d7:e3:45:4c:90,-60.5,aprox,
12:16:52,54:d7:e3:45:4c:90,-60.5,aprox,
12:16:53,54:d7:e3:45:4c:90,-60.5,aprox,
12:16:54,54:d7:e3:45:4c:90,-60.5,aprox,
12:16:55,54:d7:e3:45:4c:90,-60.5,aprox,
12:16:56,54:d7:e3:45:4c:90,-60.5,aprox,
12:16:57,54:d7:e3:45:4c:90,-60.5,aprox,
12:16:58,54:d7:e3:45:4c:90,-60.5,aprox,
12:16:59,54:d7:e3:45:4c:90,-60.5,aprox,
12:17:00,54:d7:e3:45:4c:90,-60.5,aprox,
12:17:01,54:d7:e3:45:4c:90,-60.5,aprox,
12:17:02,54:d7:e3:45:4c:90,-60.5,aprox,
12:17:03,54:d7:e3:45:4c:90,-60.5,aprox,
12:17:04,54:d7:e3:45:4c:90,-60.5,aprox,
12:17:05,54:d7:e3:45:4c:90,-73.0,aprox,
12:17:06,54:d7:e3:45:4c:90,-73.0,aprox,
12:17:08,54:d7:e3:45:4c:90,-73.0,aprox,
12:17:09,54:d7:e3:45:4c:90,-73.0,aprox,
12:17:10,54:d7:e3:45:4c:90,-73.0,aprox,
12:17:11,54:d7:e3:45:4c:90,-73.0,aprox,
12:17:12,54:d7:e3:45:4c:90,-73.0,aprox,
12:17:13,54:d7:e3:45:4c:90,-73.0,aprox,
12:17:14,54:d7:e3:45:4c:90,-73.0,aprox,
12:17:15,54:d7:e3:45:4c:90,-73.0,aprox,
12:17:16,54:d7:e3:45:4c:90,-73.0,aprox,
12:17:17,54:d7:e3:45:4c:90,-73.0,aprox,
12:17:18,54:d7:e3:45:4c:90,-73.0,aprox,
12:17:19,54:d7:e3:45:4c:90,-73.0,aprox,
12:17:20,54:d7:e3:45:4c:90,-73.0,aprox,
12:17:21,54:d7:e3:45:4c:90,-73.0,aprox,
12:17:22,54:d7:e3:45:4c:90,-73.0,aprox,
12:17:23,54:d7:e3:45:4c:90,-73.0,aprox,
12:17:24,54:d7:e3:45:4c:90,-73.0,aprox,
12:17:25,54:d7:e3:45:4c:90,-73.0,aprox,
12:17:26,54:d7:e3:45:4c:90,-73.0,aprox,
12:17:27,54:d7:e3:45:4c:90,-73.0,aprox,
12:17:28,54:d7:e3:45:4c:90,-73.0,aprox,
12:17:29,54:d7:e3:45:4c:90,-73.0,aprox,
12:17:30,54:d7:e3:45:4c:90,-73.0,aprox,
12:17:31,54:d7:e3:41:42:d0,-76.0,aprox,YA
12:17:32,54:d7:e3:41:42:d0,-76.0,aprox,
12:17:33,54:d7:e3:41:42:d0,-76.0,aprox,
12:17:34,54:d7:e3:41:42:d0,-76.0,aprox,
12:17:35,54:d7:e3:41:42:d0,-76.0,aprox,
12:17:36,54:d7:e3:41:42:d0,-76.0,aprox,
12:17:37,54:d7:e3:41:42:d0,-76.0,aprox,
12:17:38,54:d7:e3:41:42:d0,-76.0,aprox,
12:17:39,54:d7:e3:41:42:d0,-76.0,aprox,
12:17:40,54:d7:e3:41:42:d0,-76.0,aprox,
12:17:41,54:d7:e3:41:42:d0,-76.0,aprox,
12:17:42,54:d7:e3:41:42:d0,-76.0,aprox,
12:17:43,54:d7:e3:41:42:d0,-76.0,aprox,
12:17:44,54:d7:e3:41:42:d0,-76.0,aprox,
12:17:45,54:d7:e3:41:42:d0,-76.0,aprox,
12:17:46,54:d7:e3:41:42:d0,-76.0,aprox,
12:17:47,54:d7:e3:41:42:d0,-76.0,aprox,
12:17:48,54:d7:e3:41:42:d0,-76.0,aprox,
12:17:49,54:d7:e3:41:42:d0,-76.0,aprox,
12:17:50,54:d7:e3:41:42:d0,-76.0,aprox,
12:17:51,54:d7:e3:41:42:d0,-76.0,aprox,
12:17:52,fc:7f:f1:dd:53:30,-92.5,aprox,YA
12:17:53,fc:7f:f1:dd:53:30,-92.5,aprox,
12:17:54,fc:7f:f1:dd:53:30,-92.5,aprox,
12:17:55,e8:10:98:82:05:a0,-61.5,aprox,YA
12:17:56,e8:10:98:82:05:a0,-61.5,aprox,
12:17:57,e8:10:98:82:05:a0,-61.5,aprox,
12:17:58,e8:10:98:82:05:a0,-61.5,aprox,
12:17:59,e8:10:98:82:05:a0,-61.5,aprox,
12:18:00,e8:10:98:82:05:a0,-61.5,aprox,
12:18:01,e8:10:98:82:05:a0,-61.5,aprox,
12:18:02,e8:10:98:82:05:a0,-61.5,aprox,
12:18:03,e8:10:98:82:05:a0,-61.5,aprox,
12:18:04,e8:10:98:82:05:a0,-61.5,aprox,
12:18:05,e8:10:98:82:05:a0,-61.5,aprox,
12:18:06,e8:10:98:82:05:a0,-61.5,aprox,
12:18:07,e8:10:98:82:05:a0,-61.5,aprox,
12:18:08,e8:10:98:82:05:a0,-61.5,aprox,
12:18:09,e8:10:98:82:05:a0,-61.5,aprox,
12:18:10,e8:10:98:82:05:a0,-61.5,aprox,
12:18:11,e8:10:98:82:05:a0,-61.5,aprox,
12:18:12,e8:10:98:82:05:a0,-61.5,aprox,
12:18:13,e8:10:98:82:05:a0,-61.5,aprox,
12:18:14,e8:10:98:82:05:a0,-61.5,aprox,
12:18:15,e8:10:98:82:05:a0,-61.5,aprox,
12:18:16,e8:10:98:82:05:a0,-61.5,aprox,
12:18:18,e8:10:98:82:05:a0,-61.5,aprox,
12:18:19,e8:10:98:82:05:a0,-61.5,aprox,
12:18:20,e8:10:98:82:05:a0,-61.5,aprox,
12:18:21,e8:10:98:82:05:a0,-73.0,aprox,
12:18:22,e8:10:98:82:05:a0,-73.0,aprox,
12:18:23,e8:10:98:82:05:a0,-73.0,aprox,
12:18:24,e8:10:98:82:05:a0,-73.0,aprox,
12:18:25,e8:10:98:82:05:a0,-73.0,aprox,
12:18:26,e8:10:98:82:05:a0,-73.0,aprox,
12:18:27,e8:10:98:82:05:a0,-73.0,aprox,
12:18:28,e8:10:98:82:05:a0,-73.0,aprox,
12:18:29,e8:10:98:82:05:a0,-73.0,aprox,
12:18:30,e8:10:98:82:05:a0,-73.0,aprox,
12:18:31,e8:10:98:82:05:a0,-73.0,aprox,
12:18:32,e8:10:98:82:05:a0,-73.0,aprox,
12:18:33,e8:10:98:82:05:a0,-73.0,aprox,
12:18:34,e8:10:98:82:05:a0,-73.0,aprox,
12:18:35,e8:10:98:82:05:a0,-73.0,aprox,
12:18:36,e8:10:98:82:05:a0,-73.0,aprox,
12:18:37,e8:10:98:82:05:a0,-73.0,aprox,
12:18:38,e8:10:98:82:05:a0,-73.0,aprox,
12:18:39,e8:10:98:82:05:a0,-73.0,aprox,
12:18:40,e8:10:98:82:05:a0,-73.0,aprox,
12:18:41,e8:10:98:82:05:a0,-73.0,aprox,
12:18:42,e8:10:98:82:05:a0,-73.0,aprox,
12:18:43,e8:10:98:82:05:a0,-73.0,aprox,
12:18:44,e8:10:98:82:05:a0,-73.0,aprox,
12:18:45,e8:10:98:82:05:a0,-73.0,aprox,
12:18:46,e8:10:98:82:05:a0,-73.0,aprox,
12:18:47,e8:10:98:82:05:a0,-73.0,aprox,
12:18:48,e8:10:98:82:05:a0,-73.0,aprox,
12:18:49,e8:10:98:82:05:a0,-73.0,aprox,
12:18:50,e8:10:98:82:05:a0,-68.5,aprox,
12:18:51,e8:10:98:82:05:a0,-68.5,aprox,
12:18:52,e8:10:98:82:05:a0,-68.5,aprox,
12:18:53,e8:10:98:82:05:a0,-68.5,aprox,
12:18:54,e8:10:98:82:05:a0,-68.5,aprox,
12:18:55,e8:10:98:82:05:a0,-68.5,aprox,
12:18:56,e8:10:98:82:05:a0,-68.5,aprox,
12:18:57,e8:10:98:82:05:a0,-68.5,aprox,
12:18:58,e8:10:98:82:05:a0,-68.5,aprox,
12:18:59,e8:10:98:82:05:a0,-68.5,aprox,
12:19:00,e8:10:98:82:05:a0,-68.5,aprox,
12:19:01,e8:10:98:82:05:a0,-68.5,aprox,
12:19:02,e8:10:98:82:05:a0,-68.5,aprox,
12:19:03,e8:10:98:82:05:a0,-68.5,aprox,
12:19:04,e8:10:98:82:05:a0,-68.5,aprox,
12:19:05,e8:10:98:82:05:a0,-68.5,aprox,
12:19:06,e8:10:98:82:05:a0,-68.5,aprox,
12:19:07,e8:10:98:82:05:a0,-68.5,aprox,
12:19:08,e8:10:98:82:05:a0,-68.5,aprox,
12:19:09,e8:10:98:82:05:a0,-68.5,aprox,
12:19:10,e8:10:98:82:05:a0,-68.5,aprox,
12:19:11,e8:10:98:82:05:a0,-68.5,aprox,
12:19:12,e8:10:98:82:05:a0,-68.5,aprox,
12:19:13,e8:10:98:82:05:a0,-68.5,aprox,
12:19:14,e8:10:98:82:05:a0,-68.5,aprox,
12:19:15,e8:10:98:82:05:a0,-68.5,aprox,
12:19:16,e8:10:98:82:05:a0,-68.5,aprox,
12:19:17,e8:10:98:82:05:a0,-71.5,aprox,
12:19:18,e8:10:98:82:05:a0,-71.5,aprox,
12:19:19,e8:10:98:82:05:a0,-71.5,aprox,
12:19:20,e8:10:98:82:05:a0,-71.5,aprox,
12:19:21,e8:10:98:82:05:a0,-71.5,aprox,
12:19:22,e8:10:98:82:05:a0,-71.5,aprox,
12:19:23,e8:10:98:82:05:a0,-71.5,aprox,
12:19:24,e8:10:98:82:05:a0,-71.5,aprox,
12:19:25,e8:10:98:82:05:a0,-71.5,aprox,
12:19:26,e8:10:98:82:05:a0,-71.5,aprox,
12:19:27,e8:10:98:82:05:a0,-71.5,aprox,
12:19:28,e8:10:98:82:05:a0,-71.5,aprox,
12:19:29,e8:10:98:82:05:a0,-71.5,aprox,
12:19:30,e8:10:98:82:05:a0,-71.5,aprox,
12:19:31,e8:10:98:82:05:a0,-83.5,aprox,
12:19:32,e8:10:98:82:0b:40,-64.0,aprox,YA
12:19:33,e8:10:98:82:0b:40,-64.0,aprox,
12:19:34,e8:10:98:82:0b:40,-64.0,aprox,
12:19:35,e8:10:98:82:0b:40,-64.0,aprox,
12:19:36,e8:10:98:82:0b:40,-64.0,aprox,
12:19:37,e8:10:98:82:0b:40,-64.0,aprox,
12:19:38,e8:10:98:82:0b:40,-64.0,aprox,
12:19:39,e8:10:98:82:0b:40,-64.0,aprox,
12:19:40,e8:10:98:82:0b:40,-64.0,aprox,
12:19:41,e8:10:98:82:0b:40,-64.0,aprox,
12:19:42,e8:10:98:82:0b:40,-64.0,aprox,
12:19:43,e8:10:98:82:0b:40,-64.0,aprox,
12:19:44,e8:10:98:82:0b:40,-64.0,aprox,
12:19:46,e8:10:98:82:0b:40,-64.0,aprox,
12:19:47,e8:10:98:82:0b:40,-64.0,aprox,
12:19:48,e8:10:98:82:0b:40,-64.0,aprox,
12:19:49,e8:10:98:82:0b:40,-64.0,aprox,
12:19:50,e8:10:98:82:0b:40,-64.0,aprox,
12:19:51,e8:10:98:82:0b:40,-64.0,aprox,
12:19:52,e8:10:98:82:0b:40,-64.0,aprox,
12:19:53,e8:10:98:82:0b:40,-64.0,aprox,
12:19:54,e8:10:98:82:0b:40,-64.0,aprox,
12:19:55,e8:10:98:82:0b:40,-64.0,aprox,
12:19:56,e8:10:98:82:0b:40,-64.0,aprox,
12:19:57,e8:10:98:82:0b:40,-64.0,aprox,
12:19:58,e8:10:98:82:0b:40,-64.0,aprox,
12:19:59,e8:10:98:82:0b:40,-64.0,aprox,
12:20:00,e8:10:98:82:0b:40,-71.5,aprox,
12:20:01,e8:10:98:82:0b:40,-71.5,aprox,
12:20:02,e8:10:98:82:0b:40,-70.0,aprox,
12:20:03,e8:10:98:82:0b:40,-70.0,aprox,
12:20:04,e8:10:98:82:0b:40,-70.0,aprox,
12:20:05,e8:10:98:82:0b:40,-71.5,aprox,
12:20:06,e8:10:98:82:0b:40,-71.5,aprox,
12:20:07,e8:10:98:82:0b:40,-71.5,aprox,
12:20:08,e8:10:98:82:0b:40,-70.0,aprox,
12:20:09,e8:10:98:82:0b:40,-71.5,aprox,
12:20:10,e8:10:98:82:0b:40,-71.5,aprox,
12:20:11,e8:10:98:82:0b:40,-71.5,aprox,
12:20:12,e8:10:98:82:0b:40,-70.0,aprox,
12:20:13,e8:10:98:82:0b:40,-73.0,aprox,
12:20:14,e8:10:98:82:0b:40,-73.0,aprox,
12:20:15,e8:10:98:82:0b:40,-73.0,aprox,
12:20:16,e8:10:98:82:0b:40,-73.0,aprox,
12:20:17,e8:10:98:82:0b:40,-73.0,aprox,
12:20:18,e8:10:98:82:0b:40,-73.0,aprox,
12:20:19,e8:10:98:82:0b:40,-73.0,aprox,
12:20:20,e8:10:98:82:0b:40,-73.0,aprox,
12:20:21,e8:10:98:82:0b:40,-73.0,aprox,
12:20:22,e8:10:98:82:0b:40,-73.0,aprox,
12:20:23,e8:10:98:82:0b:40,-73.0,aprox,
12:20:24,e8:10:98:82:0b:40,-73.0,aprox,
12:20:25,e8:10:98:82:0b:40,-73.0,aprox,
12:20:26,e8:10:98:82:0b:40,-73.0,aprox,
12:20:27,e8:10:98:82:0b:40,-73.0,aprox,
12:20:28,e8:10:98:82:0b:40,-73.0,aprox,
12:20:29,e8:10:98:82:0b:40,-73.0,aprox,
12:20:30,e8:10:98:82:0b:40,-73.0,aprox,
12:20:31,fc:7f:f1:dd:53:30,-70.0,aprox,YA
12:20:32,fc:7f:f1:dd:53:30,-71.5,aprox,
12:20:33,fc:7f:f1:dd:53:30,-68.5,aprox,
12:20:34,fc:7f:f1:dd:53:30,-68.5,aprox,
12:20:35,fc:7f:f1:dd:53:30,-68.5,aprox,
12:20:36,fc:7f:f1:dd:53:30,-68.5,aprox,
12:20:37,fc:7f:f1:dd:53:30,-68.5,aprox,
12:20:38,fc:7f:f1:dd:53:30,-74.5,aprox,
12:20:39,fc:7f:f1:dd:53:30,-74.5,aprox,
12:20:40,fc:7f:f1:dd:53:30,-74.5,aprox,
12:20:41,fc:7f:f1:dd:53:30,-74.5,aprox,
12:20:42,fc:7f:f1:dd:53:30,-70.0,aprox,
12:20:43,fc:7f:f1:dd:53:30,-71.5,aprox,
12:20:44,fc:7f:f1:dd:53:30,-70.0,aprox,
12:20:45,fc:7f:f1:dd:53:30,-70.0,aprox,
12:20:46,fc:7f:f1:dd:53:30,-70.0,aprox,
12:20:47,fc:7f:f1:dd:53:30,-70.0,aprox,
12:20:48,fc:7f:f1:dd:53:30,-70.0,aprox,
12:20:49,fc:7f:f1:dd:53:30,-70.0,aprox,
12:20:50,fc:7f:f1:dd:53:30,-70.0,aprox,
12:20:51,fc:7f:f1:dd:53:30,-70.0,aprox,
12:20:52,fc:7f:f1:dd:53:30,-70.0,aprox,
12:20:53,fc:7f:f1:dd:53:30,-70.0,aprox,
12:20:54,fc:7f:f1:dd:53:30,-70.0,aprox,
12:20:55,fc:7f:f1:dd:53:30,-70.0,aprox,
12:20:56,fc:7f:f1:dd:53:30,-70.0,aprox,
12:20:57,fc:7f:f1:dd:53:30,-70.0,aprox,
12:20:58,fc:7f:f1:dd:53:30,-70.0,aprox,
12:20:59,fc:7f:f1:dd:53:30,-70.0,aprox,
12:21:00,fc:7f:f1:dd:53:30,-70.0,aprox,
12:21:01,fc:7f:f1:dd:53:30,-70.0,aprox,
12:21:02,fc:7f:f1:dd:53:30,-70.0,aprox,
