radio,channel,width,rssi_maks,titik_terkuat,x_est,y_est,keyakinan
00:33:58:8e:91:e1,44,20,-85.0,L3-012,666.8677802615412,534.2703318532893,rendah (lantai/area lain)
00:e6:3a:50:f1:bc,48,20,-89.0,L3-015,1123.0,696.0,rendah (lantai/area lain)
00:e6:3a:90:b5:ac,40,20,-88.0,L3-016,1218.0,694.0,rendah (lantai/area lain)
00:e6:3a:90:eb:0c,161,20,-81.0,L3-016,1218.0,694.0,rendah (lantai/area lain)
28:b3:71:93:a0:fc,48,20,-85.5,L3-020,829.1332685993981,90.64943323525128,rendah (lantai/area lain)
28:b3:71:ab:d3:91,40,20,-86.9,L3-022,712.1236172361287,591.8484845649556,rendah (lantai/area lain)
28:b3:71:ab:f8:d1,161,20,-86.2,L3-005,534.0547854786904,213.10472201055987,rendah (lantai/area lain)
2c:ab:46:be:09:32,157,40,-82.0,L3-016,1218.0,694.0,rendah (lantai/area lain)
34:8f:27:44:98:ac,157,20,-84.2,L3-025,1058.7236229433802,446.25645361517525,rendah (lantai/area lain)
34:8f:27:84:7c:9c,153,20,-78.9,L3-016,1147.3714497112192,605.712566188913,rendah (lantai/area lain)
3c:46:a1:b9:ba:e2,153,20,-82.8,L3-030,1066.49024814884,509.24216772635623,rendah (lantai/area lain)
3c:46:a1:bb:cd:92,153,40,-77.0,L3-016,1210.1786448078167,694.1646601093091,rendah (lantai/area lain)
54:d7:e3:41:42:d0,56,40,-85.3,L3-033,628.5957646745198,256.54017084132477,rendah (lantai/area lain)
54:d7:e3:42:42:d0,52,40,-46.0,L3-019,948.2339863645055,165.32849032360713,tinggi
54:d7:e3:42:97:90,36,40,-79.3,L3-034,633.4358123996058,529.7234608814572,rendah (lantai/area lain)
54:d7:e3:45:4c:90,60,40,-86.9,L3-033,608.0,347.0,rendah (lantai/area lain)
80:03:84:19:07:3c,157,80,-93.0,L3-013,881.0,701.0,rendah (lantai/area lain)
94:b3:4f:bc:cb:81,48,20,-91.0,L3-033,608.0,347.0,rendah (lantai/area lain)
b4:79:c8:ae:45:dc,149,40,-82.5,L3-016,1197.2198687373043,694.4374764476357,rendah (lantai/area lain)
c0:c7:0a:98:34:11,157,20,-78.0,L3-034,706.9375226582055,600.1580557297751,rendah (lantai/area lain)
c0:c7:0a:98:34:d1,149,20,-82.0,L3-018,1072.0,85.0,rendah (lantai/area lain)
c0:c7:0a:98:35:01,40,20,-89.0,L3-013,881.0,701.0,rendah (lantai/area lain)
c0:c7:0a:98:38:b1,44,20,-69.0,L3-015,1098.7588452590076,695.202046531574,rendah (lantai/area lain)
c0:c7:0a:98:3a:52,48,20,-74.6,L3-018,1068.3027958594303,86.09235576880471,rendah (lantai/area lain)
c0:c7:0a:98:3a:a1,36,20,-83.9,L3-020,789.0,59.99999999999999,rendah (lantai/area lain)
c0:c7:0a:98:3a:c1,153,20,-70.0,L3-005,457.6144067714683,267.34605082147465,rendah (lantai/area lain)
c8:a6:08:8b:1e:a1,161,20,-85.0,L3-002,101.8585880533595,359.9754507660833,rendah (lantai/area lain)
e8:10:98:82:05:a0,157,40,-49.2,L3-024,778.7803069567401,300.7166392749578,tinggi
e8:10:98:82:0b:20,48,40,-45.0,L3-022,711.02415341778,530.6995804714998,tinggi
e8:10:98:82:0b:40,149,40,-48.2,L3-022,725.1405769841814,517.9493087702555,tinggi
ec:bd:1d:af:f6:7f,149,20,-87.0,L3-021,455.28754233468584,196.23541060004135,rendah (lantai/area lain)
f0:6f:ce:43:1e:2c,149,40,-86.0,L3-025,925.0000000000001,328.0,rendah (lantai/area lain)
fc:5c:45:08:6f:7c,153,80,-90.0,L3-014,1030.0,724.0,rendah (lantai/area lain)
fc:7f:f1:dd:53:30,64,40,-38.6,L3-029,1058.1020237961927,297.4106019184309,tinggi
