titik_id,x_px,y_px,n_radio_terlihat,rssi1,rssi2,bssid1,radio1,channel1,width1,cci,snr,util1,sta1,down_mbps,up_mbps,rtt_avg_ms,jitter_ms,loss_pct,status,penyebab_utama,penyebab
L3-002,163,276,3,-85.0,-91.0,c8:a6:08:8b:1e:a1,c8:a6:08:8b:1e:a1,161,20,0,13.0,26.3,8.0,,,31.964,2.604,0.0,KRITIS,blank spot (RSSI<-80),blank spot (RSSI<-80); tanpa AP cadangan (roaming); SNR rendah
L3-003,70,201,2,-85.0,,c8:a6:08:8b:1e:a1,c8:a6:08:8b:1e:a1,161,20,0,13.0,26.3,8.0,,,,,,KRITIS,blank spot (RSSI<-80),blank spot (RSSI<-80); tanpa AP cadangan (roaming); SNR rendah
L3-004,281,279,5,-90.0,-91.0,ec:bd:1d:af:f6:7f,ec:bd:1d:af:f6:7f,149,20,0,9.0,17.3,0.0,,,33.35,4.654,0.0,KRITIS,blank spot (RSSI<-80),blank spot (RSSI<-80); tanpa AP cadangan (roaming); SNR rendah
L3-005,451,273,7,-70.0,-77.8,c0:c7:0a:98:3a:c1,c0:c7:0a:98:3a:c1,153,20,2,29.0,24.7,14.0,,,,,,PERHATIAN,RSSI marginal,RSSI marginal; tanpa AP cadangan (roaming)
L3-006,359,353,7,-77.0,-77.0,e8:10:98:82:0b:40,e8:10:98:82:0b:40,149,40,2,22.0,,,,,43.4475,13.232500000000002,44.8,BURUK,cakupan lemah (RSSI<-70),cakupan lemah (RSSI<-70); tanpa AP cadangan (roaming); SNR marginal; packet loss
L3-007,167,543,6,-91.0,,e8:10:98:82:0b:40,e8:10:98:82:0b:40,149,40,2,8.0,,,,,33.556,5.32,0.0,KRITIS,blank spot (RSSI<-80),blank spot (RSSI<-80); tanpa AP cadangan (roaming); SNR rendah
L3-008,71,616,6,-85.2,-89.0,c8:a6:08:8b:1e:a1,c8:a6:08:8b:1e:a1,161,20,1,14.8,79.06666666666666,22.0,,,32.078,3.304,0.0,KRITIS,blank spot (RSSI<-80),blank spot (RSSI<-80); tanpa AP cadangan (roaming); SNR rendah; kanal padat (util 79%)
L3-009,286,539,6,-87.0,-88.0,e8:10:98:82:0b:40,e8:10:98:82:0b:40,149,40,2,10.0,,,,,35.336,5.308,0.4,KRITIS,blank spot (RSSI<-80),blank spot (RSSI<-80); tanpa AP cadangan (roaming); SNR rendah
L3-010,446,541,5,-83.0,-91.0,e8:10:98:82:0b:40,e8:10:98:82:0b:40,149,40,0,16.0,,,,,,,,KRITIS,blank spot (RSSI<-80),blank spot (RSSI<-80); tanpa AP cadangan (roaming); SNR marginal
L3-011,357,464,7,-81.6,-81.6,e8:10:98:82:0b:40,e8:10:98:82:0b:40,149,40,2,16.4,,,,,79.88,58.245,76.8,KRITIS,blank spot (RSSI<-80),blank spot (RSSI<-80); tanpa AP cadangan (roaming); SNR marginal; packet loss; latensi tinggi
L3-012,670,698,8,-59.6,-60.6,e8:10:98:82:0b:40,e8:10:98:82:0b:40,149,40,0,,,,,,,,,BAIK,,
L3-013,881,701,17,-61.7,-63.6,e8:10:98:82:0b:40,e8:10:98:82:0b:40,149,40,3,,,,,,,,,PERHATIAN,co-channel interference (3 radio),co-channel interference (3 radio)
L3-014,1030,724,8,-75.0,-76.6,c0:c7:0a:98:38:b1,c0:c7:0a:98:38:b1,44,20,1,,28.8,7.0,,,,,100.0,BURUK,cakupan lemah (RSSI<-70),cakupan lemah (RSSI<-70); tanpa AP cadangan (roaming); packet loss
L3-015,1123,696,12,-69.0,-82.6,c0:c7:0a:98:38:b1,c0:c7:0a:98:38:b1,44,20,1,,10.6,5.0,,,,,100.0,BURUK,packet loss,RSSI marginal; tanpa AP cadangan (roaming); packet loss
L3-016,1218,694,18,-72.4,-77.0,fc:7f:f1:dd:53:30,fc:7f:f1:dd:53:30,64,40,0,,,,,,263.45,206.3125,52.142857142857146,BURUK,cakupan lemah (RSSI<-70),cakupan lemah (RSSI<-70); tanpa AP cadangan (roaming); packet loss; latensi tinggi
L3-017,1224,121,3,-62.4,-64.2,fc:7f:f1:dd:53:30,fc:7f:f1:dd:53:30,64,40,0,,,,,,,,,BAIK,,
L3-018,1072,85,7,-55.0,-62.5,54:d7:e3:42:42:d0,54:d7:e3:42:42:d0,52,40,0,,,,,,,,,BAIK,,
L3-019,940,124,12,-46.0,-65.9,54:d7:e3:42:42:d0,54:d7:e3:42:42:d0,52,40,0,,,,,,31.49,3.088,0.0,BAIK,,
L3-020,789,60,12,-55.6,-57.6,54:d7:e3:42:42:d0,54:d7:e3:42:42:d0,52,40,0,,,,,,,,,BAIK,,
L3-021,659,123,16,-59.7,-69.8,e8:10:98:82:05:a0,e8:10:98:82:05:a0,157,40,0,,,,,,,,,BAIK,,
L3-022,745,509,10,-45.0,-48.2,e8:10:98:82:0b:20,e8:10:98:82:0b:20,48,40,1,,,,,,40.202,16.074,1.0,BAIK,,
L3-023,837,419,10,-52.2,-53.8,e8:10:98:82:0b:40,e8:10:98:82:0b:40,149,40,1,,,,,,,,,BAIK,,
L3-024,770,320,10,-49.2,-60.2,e8:10:98:82:05:a0,e8:10:98:82:05:a0,157,40,2,,,,,,,,,BAIK,,
L3-025,925,328,13,-51.0,-56.5,54:d7:e3:42:42:d0,54:d7:e3:42:42:d0,52,40,0,,,,,,32.160000000000004,4.1899999999999995,0.0,BAIK,,
L3-026,920,495,6,-57.2,-59.2,e8:10:98:82:0b:40,e8:10:98:82:0b:40,149,40,0,,,,,,,,,BAIK,,
L3-027,1082,518,13,-68.0,-77.0,fc:7f:f1:dd:53:30,fc:7f:f1:dd:53:30,64,40,0,,,,,,,,,PERHATIAN,RSSI marginal,RSSI marginal; tanpa AP cadangan (roaming)
L3-028,998,422,12,-62.2,-71.5,fc:7f:f1:dd:53:30,fc:7f:f1:dd:53:30,64,40,0,,,,,,,,,BAIK,,
L3-029,1063,292,9,-38.6,-76.2,fc:7f:f1:dd:53:30,fc:7f:f1:dd:53:30,64,40,0,,,,,,32.31,3.778,0.0,PERHATIAN,tanpa AP cadangan (roaming),tanpa AP cadangan (roaming)
L3-030,1001,401,9,-51.9,-68.8,fc:7f:f1:dd:53:30,fc:7f:f1:dd:53:30,64,40,0,,,,,,33.18,5.882,0.0,BAIK,,
L3-031,600,214,5,-63.8,-80.2,e8:10:98:82:05:a0,e8:10:98:82:05:a0,157,40,0,,,,,,,,,PERHATIAN,tanpa AP cadangan (roaming),tanpa AP cadangan (roaming)
L3-032,602,257,4,-64.2,-81.0,e8:10:98:82:05:a0,e8:10:98:82:05:a0,157,40,1,,,,,,,,,PERHATIAN,tanpa AP cadangan (roaming),tanpa AP cadangan (roaming)
L3-033,608,347,15,-60.4,-65.6,e8:10:98:82:0b:20,e8:10:98:82:0b:20,48,40,0,,,,,,,,,BAIK,,
L3-034,637,584,14,-46.6,-49.6,e8:10:98:82:0b:20,e8:10:98:82:0b:20,48,40,2,,,,,,,,,BAIK,,
