timestamp,titik_id,bssid_assoc,freq_mhz,rssi_dbm,tx_rate_mbps,rtt_avg_ms,rtt_max_ms,jitter_ms,loss_pct,down_mbps,up_mbps,metode_rtt,device,scan_ke,lantai,catatan
2026-10-09T11:18:48,L3-029,fc:7f:f1:dd:53:30,,,573.5,30.85,34.0,0.89,0.0,,,icmp,LAPTOP-GC8OEJA7,1,,
2026-10-09T11:19:13,L3-029,fc:7f:f1:dd:53:30,,,573.5,30.5,33.0,1.37,0.0,,,icmp,LAPTOP-GC8OEJA7,1,,
2026-10-09T11:19:37,L3-029,fc:7f:f1:dd:53:30,5320,-55,573.5,34.8,62.0,8.68,0.0,,,icmp,LAPTOP-GC8OEJA7,1,,
2026-10-09T11:20:06,L3-029,fc:7f:f1:dd:53:30,5320,-55,573.5,31.3,40.0,2.11,0.0,,,icmp,LAPTOP-GC8OEJA7,1,,
2026-10-09T11:20:30,L3-029,fc:7f:f1:dd:53:30,5320,-55,573.5,34.1,52.0,5.84,0.0,,,icmp,LAPTOP-GC8OEJA7,1,,
2026-10-09T11:22:07,L3-022,e8:10:98:82:0b:20,5240,-65,516.0,30.8,38.0,2.53,0.0,,,icmp,LAPTOP-GC8OEJA7,1,,
2026-10-09T11:22:31,L3-022,e8:10:98:82:0b:20,5240,-52,573.5,34.55,69.0,6.74,0.0,,,icmp,LAPTOP-GC8OEJA7,1,,
2026-10-09T11:23:28,L3-022,e8:10:98:82:0b:20,5240,-57,573.5,37.2,67.0,8.58,0.0,,,icmp,LAPTOP-GC8OEJA7,1,,
2026-10-09T11:24:00,L3-022,e8:10:98:82:0b:20,5240,-59,573.5,47.21,126.0,25.89,5.0,,,icmp,LAPTOP-GC8OEJA7,1,,
2026-10-09T11:24:26,L3-022,e8:10:98:82:0b:20,5240,-61,573.5,51.25,334.0,36.63,0.0,,,icmp,LAPTOP-GC8OEJA7,1,,
2026-10-09T11:28:06,L3-019,54:d7:e3:42:42:d0,5260,-57,573.5,31.5,45.0,3.37,0.0,,,icmp,LAPTOP-GC8OEJA7,1,,
2026-10-09T11:28:35,L3-019,54:d7:e3:42:42:d0,5260,-57,573.5,31.0,40.0,3.32,0.0,,,icmp,LAPTOP-GC8OEJA7,1,,
2026-10-09T11:28:59,L3-019,54:d7:e3:42:42:d0,5260,-48,573.5,31.85,41.0,3.11,0.0,,,icmp,LAPTOP-GC8OEJA7,1,,
2026-10-09T11:29:23,L3-019,54:d7:e3:42:42:d0,5260,-48,573.5,32.05,49.0,2.53,0.0,,,icmp,LAPTOP-GC8OEJA7,1,,
2026-10-09T11:29:58,L3-019,54:d7:e3:42:42:d0,5260,-48,573.5,31.05,43.0,3.11,0.0,,,icmp,LAPTOP-GC8OEJA7,1,,
2026-10-09T11:31:02,L3-025,54:d7:e3:42:42:d0,5260,-69,573.5,32.15,47.0,5.11,0.0,,,icmp,LAPTOP-GC8OEJA7,1,,
2026-10-09T11:31:26,L3-025,54:d7:e3:42:42:d0,5260,-71,573.5,32.3,52.0,4.47,0.0,,,icmp,LAPTOP-GC8OEJA7,1,,
2026-10-09T11:31:51,L3-025,54:d7:e3:42:42:d0,5260,-75,573.5,32.1,48.0,4.37,0.0,,,icmp,LAPTOP-GC8OEJA7,1,,
2026-10-09T11:32:14,L3-025,54:d7:e3:42:42:d0,5260,-71,573.5,32.2,51.0,4.11,0.0,,,icmp,LAPTOP-GC8OEJA7,1,,
2026-10-09T11:32:38,L3-025,54:d7:e3:42:42:d0,5260,-71,573.5,32.05,42.0,2.89,0.0,,,icmp,LAPTOP-GC8OEJA7,1,,
2026-10-09T11:34:01,L3-030,54:d7:e3:45:51:20,2412,-65,286.5,34.6,93.0,6.79,0.0,,,icmp,LAPTOP-GC8OEJA7,1,,
2026-10-09T11:34:26,L3-030,54:d7:e3:45:51:20,2412,-69,286.5,31.95,52.0,2.63,0.0,,,icmp,LAPTOP-GC8OEJA7,1,,
2026-10-09T11:34:49,L3-030,54:d7:e3:45:51:20,2412,-69,229.0,31.05,37.0,2.89,0.0,,,icmp,LAPTOP-GC8OEJA7,1,,
2026-10-09T11:35:12,L3-030,54:d7:e3:45:51:20,2412,-69,258.0,32.7,55.0,6.89,0.0,,,icmp,LAPTOP-GC8OEJA7,1,,
2026-10-09T11:35:37,L3-030,54:d7:e3:45:51:20,2412,-69,286.5,35.6,93.0,10.21,0.0,,,icmp,LAPTOP-GC8OEJA7,1,,
2026-10-09T11:44:16,L3-016,00:00:00:00:00:00,,,0.0,,,,100.0,,,tcp443,LAPTOP-GC8OEJA7,1,,
2026-10-09T11:44:21,L3-016,,,,,,,,100.0,,,tcp443,LAPTOP-GC8OEJA7,1,,
2026-10-09T11:45:45,L3-016,b4:79:c8:ae:45:dc,5745,-72,150.0,35.56,50.38,7.68,0.0,,,tcp443,LAPTOP-GC8OEJA7,1,,
2026-10-09T11:46:33,L3-016,b4:79:c8:ae:45:dc,5745,-77,54.0,261.33,1416.84,95.94,5.0,,,tcp443,LAPTOP-GC8OEJA7,1,,
2026-10-09T11:46:58,L3-016,fc:7f:f1:dd:53:30,5320,-78,344.0,113.55,1386.0,161.16,0.0,,,icmp,LAPTOP-GC8OEJA7,1,,
2026-10-09T11:47:40,L3-016,fc:7f:f1:dd:53:30,5320,-80,309.5,643.36,1405.24,560.47,60.0,,,tcp443,LAPTOP-GC8OEJA7,1,,
2026-10-09T11:48:07,L3-016,b4:79:c8:ae:45:dc,5745,-84,150.0,,,,100.0,,,tcp443,LAPTOP-GC8OEJA7,1,,
2026-10-09T11:48:40,L3-015,3c:46:a1:bb:cd:91,5765,-71,81.0,,,,100.0,,,tcp443,LAPTOP-GC8OEJA7,1,,
2026-10-09T11:48:47,L3-015,3c:46:a1:bb:cd:91,5765,-71,81.0,,,,100.0,,,tcp443,LAPTOP-GC8OEJA7,1,,
2026-10-09T11:48:54,L3-015,3c:46:a1:bb:cd:91,5765,-93,81.0,,,,100.0,,,tcp443,LAPTOP-GC8OEJA7,1,,
2026-10-09T11:48:59,L3-015,3c:46:a1:bb:cd:91,5765,-93,52.0,,,,100.0,,,tcp443,LAPTOP-GC8OEJA7,1,,
2026-10-09T11:49:02,L3-015,3c:46:a1:bb:cd:91,5765,-93,52.0,,,,100.0,,,tcp443,LAPTOP-GC8OEJA7,1,,
2026-10-09T11:49:24,L3-014,3c:46:a1:bb:cd:91,5765,-93,52.0,,,,100.0,,,tcp443,LAPTOP-GC8OEJA7,1,,
2026-10-09T11:49:30,L3-014,3c:46:a1:bb:cd:91,5765,-93,52.0,,,,100.0,,,tcp443,LAPTOP-GC8OEJA7,1,,
2026-10-09T11:49:36,L3-014,c0:c7:0a:98:38:b2,5220,-78,130.0,,,,100.0,,,tcp443,LAPTOP-GC8OEJA7,1,,
2026-10-09T11:49:39,L3-014,c0:c7:0a:98:38:b2,5220,-78,130.0,,,,100.0,,,tcp443,LAPTOP-GC8OEJA7,1,,
2026-10-09T11:49:42,L3-014,c0:c7:0a:98:38:b2,5220,-79,130.0,,,,100.0,,,tcp443,LAPTOP-GC8OEJA7,1,,
