timestamp,titik_id,bssid_assoc,freq_mhz,rssi_dbm,tx_rate_mbps,rtt_avg_ms,rtt_max_ms,jitter_ms,loss_pct,down_mbps,up_mbps,metode_rtt,device,scan_ke,lantai,catatan
2026-10-09 11:17:04,L3-004,54:d7:e3:41:42:d0,5745.0,-56.0,117.0,33.36,63.9,5.01,0.0,,,icmp,devCore,1,,
2026-10-09 11:17:17,L3-004,54:d7:e3:41:42:d0,5745.0,-53.0,117.0,33.86,50.8,5.05,0.0,,,icmp,devCore,2,,
2026-10-09 11:17:30,L3-004,54:d7:e3:41:42:d0,5745.0,-53.0,573.5,32.66,62.6,3.54,0.0,,,icmp,devCore,3,,
2026-10-09 11:17:43,L3-004,54:d7:e3:41:42:d0,5745.0,-53.0,573.5,33.51,66.8,5.08,0.0,,,icmp,devCore,4,,
2026-10-09 11:17:56,L3-004,54:d7:e3:41:42:d0,5745.0,-52.0,573.5,33.36,54.8,4.59,0.0,,,icmp,devCore,5,,
2026-10-09 11:18:42,L3-002,54:d7:e3:41:42:d0,5745.0,-63.0,29.2,33.16,49.0,2.98,0.0,,,icmp,devCore,1,,
2026-10-09 11:18:48,L3-029,fc:7f:f1:dd:53:30,,,573.5,30.85,34.0,0.89,0.0,,,icmp,LAPTOP-GC8OEJA7,1,,
2026-10-09 11:18:56,L3-002,54:d7:e3:41:42:d0,5745.0,-57.0,29.2,32.3,49.5,3.49,0.0,,,icmp,devCore,2,,
2026-10-09 11:19:09,L3-002,54:d7:e3:41:42:d0,5745.0,-62.0,29.2,31.4,37.1,1.19,0.0,,,icmp,devCore,3,,
2026-10-09 11:19:13,L3-029,fc:7f:f1:dd:53:30,,,573.5,30.5,33.0,1.37,0.0,,,icmp,LAPTOP-GC8OEJA7,1,,
2026-10-09 11:19:22,L3-002,54:d7:e3:41:42:d0,5745.0,-59.0,29.2,30.71,41.7,2.66,0.0,,,icmp,devCore,4,,
2026-10-09 11:19:35,L3-002,54:d7:e3:41:42:d0,5745.0,-56.0,487.5,32.25,48.4,2.7,0.0,,,icmp,devCore,5,,
2026-10-09 11:19:37,L3-029,fc:7f:f1:dd:53:30,5320.0,-55.0,573.5,34.8,62.0,8.68,0.0,,,icmp,LAPTOP-GC8OEJA7,1,,
2026-10-09 11:20:06,L3-029,fc:7f:f1:dd:53:30,5320.0,-55.0,573.5,31.3,40.0,2.11,0.0,,,icmp,LAPTOP-GC8OEJA7,1,,
2026-10-09 11:20:30,L3-029,fc:7f:f1:dd:53:30,5320.0,-55.0,573.5,34.1,52.0,5.84,0.0,,,icmp,LAPTOP-GC8OEJA7,1,,
2026-10-09 11:20:47,L3-006,54:d7:e3:41:42:d0,5745.0,-66.0,29.2,79.31,632.0,43.84,30.0,,,icmp,devCore,1,,
2026-10-09 11:21:00,L3-006,54:d7:e3:42:97:90,5180.0,-57.0,117.0,32.47,61.2,4.65,34.0,,,icmp,devCore,2,,
2026-10-09 11:21:24,L3-006,54:d7:e3:42:97:90,5180.0,-56.0,117.0,31.22,43.0,1.74,22.0,,,icmp,devCore,3,,
2026-10-09 11:21:37,L3-006,54:d7:e3:42:97:90,5180.0,-61.0,541.6,30.79,49.2,2.7,38.0,,,icmp,devCore,4,,
2026-10-09 11:21:46,L3-006,54:d7:e3:42:97:90,5180.0,-62.0,541.6,,,,100.0,,,tcp443,devCore,5,,
2026-10-09 11:22:07,L3-022,e8:10:98:82:0b:20,5240.0,-65.0,516.0,30.8,38.0,2.53,0.0,,,icmp,LAPTOP-GC8OEJA7,1,,
2026-10-09 11:22:13,L3-011,54:d7:e3:41:42:d0,5745.0,-69.0,29.2,32.05,42.3,2.08,0.0,,,icmp,devCore,1,,
2026-10-09 11:22:31,L3-022,e8:10:98:82:0b:20,5240.0,-52.0,573.5,34.55,69.0,6.74,0.0,,,icmp,LAPTOP-GC8OEJA7,1,,
2026-10-09 11:22:36,L3-011,54:d7:e3:41:42:d0,5745.0,-70.0,29.2,127.71,259.0,114.41,84.0,,,icmp,devCore,2,,
2026-10-09 11:22:39,L3-011,54:d7:e3:42:97:90,5180.0,-60.0,29.2,,,,100.0,,,tcp443,devCore,3,,
2026-10-09 11:22:43,L3-011,54:d7:e3:42:97:90,5180.0,-60.0,29.2,,,,100.0,,,tcp443,devCore,4,,
2026-10-09 11:22:46,L3-011,54:d7:e3:42:97:90,5180.0,-63.0,29.2,,,,100.0,,,tcp443,devCore,5,,
2026-10-09 11:23:28,L3-022,e8:10:98:82:0b:20,5240.0,-57.0,573.5,37.2,67.0,8.58,0.0,,,icmp,LAPTOP-GC8OEJA7,1,,
2026-10-09 11:24:00,L3-022,e8:10:98:82:0b:20,5240.0,-59.0,573.5,47.21,126.0,25.89,5.0,,,icmp,LAPTOP-GC8OEJA7,1,,
2026-10-09 11:24:26,L3-022,e8:10:98:82:0b:20,5240.0,-61.0,573.5,51.25,334.0,36.63,0.0,,,icmp,LAPTOP-GC8OEJA7,1,,
2026-10-09 11:27:39,L3-008,54:d7:e3:45:4c:90,5300.0,-53.0,117.0,32.45,53.5,3.53,0.0,,,icmp,devCore,1,,
2026-10-09 11:27:52,L3-008,54:d7:e3:45:4c:90,5300.0,-54.0,117.0,31.06,36.6,1.31,0.0,,,icmp,devCore,2,,
2026-10-09 11:28:05,L3-008,54:d7:e3:45:4c:90,5300.0,-55.0,117.0,33.55,50.9,5.5,0.0,,,icmp,devCore,3,,
2026-10-09 11:28:06,L3-019,54:d7:e3:42:42:d0,5260.0,-57.0,573.5,31.5,45.0,3.37,0.0,,,icmp,LAPTOP-GC8OEJA7,1,,
2026-10-09 11:28:18,L3-008,54:d7:e3:45:4c:90,5300.0,-53.0,117.0,31.64,45.1,1.95,0.0,,,icmp,devCore,4,,
2026-10-09 11:28:32,L3-008,54:d7:e3:45:4c:90,5300.0,-54.0,117.0,31.69,64.4,4.23,0.0,,,icmp,devCore,5,,
2026-10-09 11:28:35,L3-019,54:d7:e3:42:42:d0,5260.0,-57.0,573.5,31.0,40.0,3.32,0.0,,,icmp,LAPTOP-GC8OEJA7,1,,
2026-10-09 11:28:59,L3-019,54:d7:e3:42:42:d0,5260.0,-48.0,573.5,31.85,41.0,3.11,0.0,,,icmp,LAPTOP-GC8OEJA7,1,,
2026-10-09 11:29:23,L3-019,54:d7:e3:42:42:d0,5260.0,-48.0,573.5,32.05,49.0,2.53,0.0,,,icmp,LAPTOP-GC8OEJA7,1,,
2026-10-09 11:29:41,L3-007,54:d7:e3:45:4c:90,5300.0,-47.0,117.0,32.36,52.9,3.45,0.0,,,icmp,devCore,1,,
2026-10-09 11:29:54,L3-007,54:d7:e3:45:4c:90,5300.0,-44.0,117.0,33.47,67.9,5.96,0.0,,,icmp,devCore,2,,
2026-10-09 11:29:58,L3-019,54:d7:e3:42:42:d0,5260.0,-48.0,573.5,31.05,43.0,3.11,0.0,,,icmp,LAPTOP-GC8OEJA7,1,,
2026-10-09 11:30:07,L3-007,54:d7:e3:45:4c:90,5300.0,-47.0,117.0,37.74,142.0,9.6,0.0,,,icmp,devCore,3,,
2026-10-09 11:30:20,L3-007,54:d7:e3:45:4c:90,5300.0,-50.0,117.0,31.58,49.4,3.49,0.0,,,icmp,devCore,4,,
2026-10-09 11:30:33,L3-007,54:d7:e3:45:4c:90,5300.0,-49.0,117.0,32.63,51.0,4.1,0.0,,,icmp,devCore,5,,
2026-10-09 11:31:02,L3-025,54:d7:e3:42:42:d0,5260.0,-69.0,573.5,32.15,47.0,5.11,0.0,,,icmp,LAPTOP-GC8OEJA7,1,,
2026-10-09 11:31:26,L3-025,54:d7:e3:42:42:d0,5260.0,-71.0,573.5,32.3,52.0,4.47,0.0,,,icmp,LAPTOP-GC8OEJA7,1,,
2026-10-09 11:31:51,L3-025,54:d7:e3:42:42:d0,5260.0,-75.0,573.5,32.1,48.0,4.37,0.0,,,icmp,LAPTOP-GC8OEJA7,1,,
2026-10-09 11:31:59,L3-009,54:d7:e3:41:42:d0,5745.0,-56.0,29.2,34.84,56.4,5.17,0.0,,,icmp,devCore,1,,
2026-10-09 11:32:12,L3-009,54:d7:e3:41:42:d0,5745.0,-61.0,29.2,32.24,41.5,3.15,0.0,,,icmp,devCore,2,,
2026-10-09 11:32:14,L3-025,54:d7:e3:42:42:d0,5260.0,-71.0,573.5,32.2,51.0,4.11,0.0,,,icmp,LAPTOP-GC8OEJA7,1,,
2026-10-09 11:32:26,L3-009,54:d7:e3:41:42:d0,5745.0,-62.0,29.2,46.83,138.0,11.51,2.0,,,icmp,devCore,3,,
2026-10-09 11:32:38,L3-025,54:d7:e3:42:42:d0,5260.0,-71.0,573.5,32.05,42.0,2.89,0.0,,,icmp,LAPTOP-GC8OEJA7,1,,
2026-10-09 11:32:39,L3-009,54:d7:e3:45:4c:90,5300.0,-58.0,117.0,30.3,51.5,2.06,0.0,,,icmp,devCore,4,,
2026-10-09 11:32:52,L3-009,54:d7:e3:45:4c:90,5300.0,-58.0,117.0,32.47,51.2,4.65,0.0,,,icmp,devCore,5,,
2026-10-09 11:34:01,L3-030,54:d7:e3:45:51:20,2412.0,-65.0,286.5,34.6,93.0,6.79,0.0,,,icmp,LAPTOP-GC8OEJA7,1,,
2026-10-09 11:34:26,L3-030,54:d7:e3:45:51:20,2412.0,-69.0,286.5,31.95,52.0,2.63,0.0,,,icmp,LAPTOP-GC8OEJA7,1,,
2026-10-09 11:34:49,L3-030,54:d7:e3:45:51:20,2412.0,-69.0,229.0,31.05,37.0,2.89,0.0,,,icmp,LAPTOP-GC8OEJA7,1,,
2026-10-09 11:35:12,L3-030,54:d7:e3:45:51:20,2412.0,-69.0,258.0,32.7,55.0,6.89,0.0,,,icmp,LAPTOP-GC8OEJA7,1,,
2026-10-09 11:35:37,L3-030,54:d7:e3:45:51:20,2412.0,-69.0,286.5,35.6,93.0,10.21,0.0,,,icmp,LAPTOP-GC8OEJA7,1,,
2026-10-09 11:44:16,L3-016,00:00:00:00:00:00,,,0.0,,,,100.0,,,tcp443,LAPTOP-GC8OEJA7,1,,
2026-10-09 11:44:21,L3-016,,,,,,,,100.0,,,tcp443,LAPTOP-GC8OEJA7,1,,
2026-10-09 11:45:45,L3-016,b4:79:c8:ae:45:dc,5745.0,-72.0,150.0,35.56,50.38,7.68,0.0,,,tcp443,LAPTOP-GC8OEJA7,1,,
2026-10-09 11:46:33,L3-016,b4:79:c8:ae:45:dc,5745.0,-77.0,54.0,261.33,1416.84,95.94,5.0,,,tcp443,LAPTOP-GC8OEJA7,1,,
2026-10-09 11:46:58,L3-016,fc:7f:f1:dd:53:30,5320.0,-78.0,344.0,113.55,1386.0,161.16,0.0,,,icmp,LAPTOP-GC8OEJA7,1,,
2026-10-09 11:47:40,L3-016,fc:7f:f1:dd:53:30,5320.0,-80.0,309.5,643.36,1405.24,560.47,60.0,,,tcp443,LAPTOP-GC8OEJA7,1,,
2026-10-09 11:48:07,L3-016,b4:79:c8:ae:45:dc,5745.0,-84.0,150.0,,,,100.0,,,tcp443,LAPTOP-GC8OEJA7,1,,
2026-10-09 11:48:40,L3-015,3c:46:a1:bb:cd:91,5765.0,-71.0,81.0,,,,100.0,,,tcp443,LAPTOP-GC8OEJA7,1,,
2026-10-09 11:48:47,L3-015,3c:46:a1:bb:cd:91,5765.0,-71.0,81.0,,,,100.0,,,tcp443,LAPTOP-GC8OEJA7,1,,
2026-10-09 11:48:54,L3-015,3c:46:a1:bb:cd:91,5765.0,-93.0,81.0,,,,100.0,,,tcp443,LAPTOP-GC8OEJA7,1,,
2026-10-09 11:48:59,L3-015,3c:46:a1:bb:cd:91,5765.0,-93.0,52.0,,,,100.0,,,tcp443,LAPTOP-GC8OEJA7,1,,
2026-10-09 11:49:02,L3-015,3c:46:a1:bb:cd:91,5765.0,-93.0,52.0,,,,100.0,,,tcp443,LAPTOP-GC8OEJA7,1,,
2026-10-09 11:49:24,L3-014,3c:46:a1:bb:cd:91,5765.0,-93.0,52.0,,,,100.0,,,tcp443,LAPTOP-GC8OEJA7,1,,
2026-10-09 11:49:30,L3-014,3c:46:a1:bb:cd:91,5765.0,-93.0,52.0,,,,100.0,,,tcp443,LAPTOP-GC8OEJA7,1,,
2026-10-09 11:49:36,L3-014,c0:c7:0a:98:38:b2,5220.0,-78.0,130.0,,,,100.0,,,tcp443,LAPTOP-GC8OEJA7,1,,
2026-10-09 11:49:39,L3-014,c0:c7:0a:98:38:b2,5220.0,-78.0,130.0,,,,100.0,,,tcp443,LAPTOP-GC8OEJA7,1,,
2026-10-09 11:49:42,L3-014,c0:c7:0a:98:38:b2,5220.0,-79.0,130.0,,,,100.0,,,tcp443,LAPTOP-GC8OEJA7,1,,
