timestamp,lantai,titik_id,x_px,y_px,slot_waktu,device,scan_ke,ssid,bssid,freq_mhz,channel,band,width_mhz,rssi_dbm,noise_dbm,sta_count,ch_util_pct,security,pmf,catatan
2026-10-09T07:43:08,3,L3-001,,,T0,laptop-taqiya,1,WiFi-UB.x,fc:7f:f1:dd:53:30,5320,64,5.0,40,-60.0,,,,WPA2/3-Enterprise,no,
2026-10-09T07:43:08,3,L3-001,,,T0,laptop-taqiya,1,Lia's Galaxy A33 5G,52:ae:52:22:ad:64,2462,11,2.4,20,-68.0,,,,WPA2-Personal,no,
2026-10-09T07:43:08,3,L3-001,,,T0,laptop-taqiya,1,WiFi-UB.x,fc:7f:f1:dd:53:20,2462,11,2.4,20,-71.0,,,,WPA2/3-Enterprise,no,
2026-10-09T07:43:08,3,L3-001,,,T0,laptop-taqiya,1,Unite Plaechere,42:3d:77:b0:7e:9e,2462,11,2.4,20,-70.0,,,,WPA2-Personal,no,
2026-10-09T07:43:08,3,L3-001,,,T0,laptop-taqiya,1,,c2:99:ab:bd:f4:e6,2437,6,2.4,20,-49.0,,,,WPA2-Personal,no,
2026-10-09T07:43:08,3,L3-001,,,T0,laptop-taqiya,1,Redmi 10C,4e:78:64:e6:2c:5c,2432,5,2.4,20,-78.0,,,,WPA2-Personal,no,
2026-10-09T07:43:08,3,L3-001,,,T0,laptop-taqiya,1,kuonzx,96:27:be:d6:7a:73,2437,6,2.4,20,-68.0,,,,WPA2-Personal,no,
2026-10-09T07:43:08,3,L3-001,,,T0,laptop-taqiya,1,Kfkfkfm,46:d9:d2:ca:4f:5a,2437,6,2.4,20,-62.0,,,,WPA2-Personal,no,
2026-10-09T07:43:08,3,L3-001,,,T0,laptop-taqiya,1,FILKOM EVENT,54:d7:e3:45:51:23,2412,1,2.4,20,-75.0,,,,WPA2-Personal,no,
2026-10-09T07:43:08,3,L3-001,,,T0,laptop-taqiya,1,eduroam,54:d7:e3:45:51:22,2412,1,2.4,20,-73.0,,,,WPA2/3-Enterprise,no,
2026-10-09T07:43:08,3,L3-001,,,T0,laptop-taqiya,1,WiFi-FILKOM,54:d7:e3:45:51:21,2412,1,2.4,20,-75.0,,,,WPA2/3-Enterprise,no,
2026-10-09T07:43:08,3,L3-001,,,T0,laptop-taqiya,1,WiFi-UB.x,54:d7:e3:45:51:20,2412,1,2.4,20,-75.0,,,,WPA2/3-Enterprise,no,
2026-10-09T07:43:08,3,L3-001,,,T0,laptop-taqiya,1,FILKOM EVENT,54:d7:e3:42:42:d3,5260,52,5.0,40,-83.0,,,,WPA2-Personal,no,
2026-10-09T07:43:08,3,L3-001,,,T0,laptop-taqiya,1,eduroam,54:d7:e3:42:42:d2,5260,52,5.0,40,-84.0,,,,WPA2/3-Enterprise,no,
2026-10-09T07:43:08,3,L3-001,,,T0,laptop-taqiya,1,WiFi-UB.x,54:d7:e3:42:42:d0,5260,52,5.0,40,-84.0,,,,WPA2/3-Enterprise,no,
2026-10-09T07:43:08,3,L3-001,,,T0,laptop-taqiya,1,FILKOM EVENT,e8:10:98:82:05:a3,5785,157,5.0,40,-85.0,,,,WPA2-Personal,no,
2026-10-09T07:43:08,3,L3-001,,,T0,laptop-taqiya,1,eduroam,e8:10:98:82:05:a2,5785,157,5.0,40,-84.0,,,,WPA2/3-Enterprise,no,
2026-10-09T07:43:08,3,L3-001,,,T0,laptop-taqiya,1,WiFi-FILKOM,e8:10:98:82:05:a1,5785,157,5.0,40,-84.0,,,,WPA2/3-Enterprise,no,
2026-10-09T07:43:08,3,L3-001,,,T0,laptop-taqiya,1,WiFi-UB.x,e8:10:98:82:05:a0,5785,157,5.0,40,-83.0,,,,WPA2/3-Enterprise,no,
2026-10-09T07:43:08,3,L3-001,,,T0,laptop-taqiya,1,FILKOM EVENT,fc:7f:f1:dd:53:33,5320,64,5.0,40,-59.0,,,,WPA2-Personal,no,
2026-10-09T07:43:08,3,L3-001,,,T0,laptop-taqiya,1,eduroam,fc:7f:f1:dd:53:32,5320,64,5.0,40,-59.0,,,,WPA2/3-Enterprise,no,
2026-10-09T07:43:08,3,L3-001,,,T0,laptop-taqiya,1,WiFi-FILKOM,fc:7f:f1:dd:53:31,5320,64,5.0,40,-59.0,,,,WPA2/3-Enterprise,no,
2026-10-09T07:43:08,3,L3-001,,,T0,laptop-taqiya,1,FILKOM EVENT,e8:10:98:82:0b:23,5240,48,5.0,40,-82.0,,,,WPA2-Personal,no,
2026-10-09T07:43:08,3,L3-001,,,T0,laptop-taqiya,1,eduroam,e8:10:98:82:0b:22,5240,48,5.0,40,-82.0,,,,WPA2/3-Enterprise,no,
2026-10-09T07:43:08,3,L3-001,,,T0,laptop-taqiya,1,WiFi-UB.x,e8:10:98:82:0b:20,5240,48,5.0,40,-82.0,,,,WPA2/3-Enterprise,no,
2026-10-09T07:43:08,3,L3-001,,,T0,laptop-taqiya,1,WiFi-FILKOM,e8:10:98:82:0b:21,5240,48,5.0,40,-83.0,,,,WPA2/3-Enterprise,no,
2026-10-09T07:43:08,3,L3-001,,,T0,laptop-taqiya,1,lkjgfd,3e:c4:7f:30:14:49,5240,48,5.0,40,-85.0,,,,WPA2-Personal,no,
2026-10-09T07:43:17,3,L3-001,,,T0,laptop-taqiya,2,FILKOM EVENT,fc:7f:f1:dd:53:23,2462,11,2.4,20,-70.0,,,,WPA2-Personal,no,
2026-10-09T07:43:17,3,L3-001,,,T0,laptop-taqiya,2,WiFi-UB.x,fc:7f:f1:dd:53:20,2462,11,2.4,20,-68.0,,,,WPA2/3-Enterprise,no,
2026-10-09T07:43:17,3,L3-001,,,T0,laptop-taqiya,2,WiFi-UB.x,fc:7f:f1:dd:53:30,5320,64,5.0,40,-60.0,,,,WPA2/3-Enterprise,no,
2026-10-09T07:43:17,3,L3-001,,,T0,laptop-taqiya,2,kuonzx,96:27:be:d6:7a:73,2437,6,2.4,20,-70.0,,,,WPA2-Personal,no,
2026-10-09T07:43:17,3,L3-001,,,T0,laptop-taqiya,2,Kfkfkfm,46:d9:d2:ca:4f:5a,2437,6,2.4,20,-62.0,,,,WPA2-Personal,no,
2026-10-09T07:43:17,3,L3-001,,,T0,laptop-taqiya,2,,c2:99:ab:bd:f4:e6,2437,6,2.4,20,-43.0,,,,WPA2-Personal,no,
2026-10-09T07:43:17,3,L3-001,,,T0,laptop-taqiya,2,"To you, in 2000 Years",0a:a1:11:53:7a:6e,2437,6,2.4,20,-74.0,,,,WPA2-Personal,no,
2026-10-09T07:43:17,3,L3-001,,,T0,laptop-taqiya,2,FILKOM EVENT,54:d7:e3:45:51:23,2412,1,2.4,20,-67.0,,,,WPA2-Personal,no,
2026-10-09T07:43:17,3,L3-001,,,T0,laptop-taqiya,2,eduroam,54:d7:e3:45:51:22,2412,1,2.4,20,-63.0,,,,WPA2/3-Enterprise,no,
2026-10-09T07:43:17,3,L3-001,,,T0,laptop-taqiya,2,WiFi-FILKOM,54:d7:e3:45:51:21,2412,1,2.4,20,-72.0,,,,WPA2/3-Enterprise,no,
2026-10-09T07:43:17,3,L3-001,,,T0,laptop-taqiya,2,WiFi-UB.x,54:d7:e3:45:51:20,2412,1,2.4,20,-70.0,,,,WPA2/3-Enterprise,no,
2026-10-09T07:43:17,3,L3-001,,,T0,laptop-taqiya,2,FILKOM EVENT,54:d7:e3:42:42:d3,5260,52,5.0,40,-87.0,,,,WPA2-Personal,no,
2026-10-09T07:43:17,3,L3-001,,,T0,laptop-taqiya,2,WiFi-FILKOM,54:d7:e3:42:42:d1,5260,52,5.0,40,-87.0,,,,WPA2/3-Enterprise,no,
2026-10-09T07:43:17,3,L3-001,,,T0,laptop-taqiya,2,WiFi-UB.x,54:d7:e3:42:42:d0,5260,52,5.0,40,-86.0,,,,WPA2/3-Enterprise,no,
2026-10-09T07:43:17,3,L3-001,,,T0,laptop-taqiya,2,FILKOM EVENT,e8:10:98:82:05:a3,5785,157,5.0,40,-83.0,,,,WPA2-Personal,no,
2026-10-09T07:43:17,3,L3-001,,,T0,laptop-taqiya,2,WiFi-FILKOM,e8:10:98:82:05:a1,5785,157,5.0,40,-83.0,,,,WPA2/3-Enterprise,no,
2026-10-09T07:43:17,3,L3-001,,,T0,laptop-taqiya,2,WiFi-UB.x,2c:ab:46:be:09:32,5785,157,5.0,40,-87.0,,1.0,14.9,WPA2/3-Enterprise,no,
2026-10-09T07:43:17,3,L3-001,,,T0,laptop-taqiya,2,WiFi-UB.x,34:8f:27:44:98:ac,5785,157,5.0,20,-88.0,,0.0,3.1,WPA2/3-Enterprise,no,
2026-10-09T07:43:17,3,L3-001,,,T0,laptop-taqiya,2,eduroam,34:8f:27:04:98:ac,5785,157,5.0,20,-88.0,,0.0,2.7,WPA2/3-Enterprise,no,
2026-10-09T07:43:17,3,L3-001,,,T0,laptop-taqiya,2,FKUB_HotSpot_Backup,2c:ab:46:be:09:33,5785,157,5.0,40,-89.0,,0.0,14.9,WPA2-Personal,no,
2026-10-09T07:43:17,3,L3-001,,,T0,laptop-taqiya,2,eduroam,e8:10:98:82:05:a2,5785,157,5.0,40,-84.0,,,,WPA2/3-Enterprise,no,
2026-10-09T07:43:17,3,L3-001,,,T0,laptop-taqiya,2,eduroam,2c:ab:46:be:09:31,5785,157,5.0,40,-87.0,,0.0,14.9,WPA2/3-Enterprise,no,
2026-10-09T07:43:17,3,L3-001,,,T0,laptop-taqiya,2,WiFi-UB.x,e8:10:98:82:05:a0,5785,157,5.0,40,-83.0,,,,WPA2/3-Enterprise,no,
2026-10-09T07:43:17,3,L3-001,,,T0,laptop-taqiya,2,iPhone (6),ae:80:1f:3c:0c:9d,5745,149,5.0,80,-83.0,,,,WPA2/WPA3-Personal,capable,
2026-10-09T07:43:17,3,L3-001,,,T0,laptop-taqiya,2,FILKOM EVENT,e8:10:98:82:0b:43,5745,149,5.0,40,-84.0,,,,WPA2-Personal,no,
2026-10-09T07:43:17,3,L3-001,,,T0,laptop-taqiya,2,eduroam,e8:10:98:82:0b:42,5745,149,5.0,40,-83.0,,,,WPA2/3-Enterprise,no,
2026-10-09T07:43:17,3,L3-001,,,T0,laptop-taqiya,2,WiFi-FILKOM,e8:10:98:82:0b:41,5745,149,5.0,40,-84.0,,,,WPA2/3-Enterprise,no,
2026-10-09T07:43:17,3,L3-001,,,T0,laptop-taqiya,2,WiFi-UB.x,e8:10:98:82:0b:40,5745,149,5.0,40,-82.0,,,,WPA2/3-Enterprise,no,
2026-10-09T07:43:17,3,L3-001,,,T0,laptop-taqiya,2,Samsung S25 Ultra,e2:82:61:7d:8d:ae,5745,149,5.0,80,-78.0,,,,WPA2/WPA3-Personal,capable,
2026-10-09T07:43:17,3,L3-001,,,T0,laptop-taqiya,2,FILKOM EVENT,fc:7f:f1:dd:53:33,5320,64,5.0,40,-59.0,,,,WPA2-Personal,no,
2026-10-09T07:43:17,3,L3-001,,,T0,laptop-taqiya,2,eduroam,fc:7f:f1:dd:53:32,5320,64,5.0,40,-59.0,,,,WPA2/3-Enterprise,no,
2026-10-09T07:43:17,3,L3-001,,,T0,laptop-taqiya,2,WiFi-FILKOM,fc:7f:f1:dd:53:31,5320,64,5.0,40,-59.0,,,,WPA2/3-Enterprise,no,
2026-10-09T07:43:17,3,L3-001,,,T0,laptop-taqiya,2,lkjgfd,3e:c4:7f:30:14:49,5240,48,5.0,40,-83.0,,,,WPA2-Personal,no,
2026-10-09T07:43:27,3,L3-001,,,T0,laptop-taqiya,3,WiFi-UB.x,fc:7f:f1:dd:53:30,5320,64,5.0,40,-60.0,,,,WPA2/3-Enterprise,no,
2026-10-09T07:43:27,3,L3-001,,,T0,laptop-taqiya,3,FY,8a:8f:dc:e0:94:b8,2472,13,2.4,20,-70.0,,,,WPA2-Personal,no,
2026-10-09T07:43:27,3,L3-001,,,T0,laptop-taqiya,3,WiFi-FILKOM,fc:7f:f1:dd:53:21,2462,11,2.4,20,-68.0,,,,WPA2/3-Enterprise,no,
2026-10-09T07:43:27,3,L3-001,,,T0,laptop-taqiya,3,Unite Plaechere,42:3d:77:b0:7e:9e,2462,11,2.4,20,-73.0,,,,WPA2-Personal,no,
2026-10-09T07:43:27,3,L3-001,,,T0,laptop-taqiya,3,chiwa ,52:53:bf:d3:53:f5,2457,10,2.4,20,-75.0,,,,WPA2-Personal,no,
2026-10-09T07:43:27,3,L3-001,,,T0,laptop-taqiya,3,nupis,26:54:31:bc:42:16,2437,6,2.4,20,-80.0,,,,WPA2-Personal,no,
2026-10-09T07:43:27,3,L3-001,,,T0,laptop-taqiya,3,kuonzx,96:27:be:d6:7a:73,2437,6,2.4,20,-73.0,,,,WPA2-Personal,no,
2026-10-09T07:43:27,3,L3-001,,,T0,laptop-taqiya,3,,c2:99:ab:bd:f4:e6,2437,6,2.4,20,-49.0,,,,WPA2-Personal,no,
2026-10-09T07:43:27,3,L3-001,,,T0,laptop-taqiya,3,Kfkfkfm,46:d9:d2:ca:4f:5a,2437,6,2.4,20,-64.0,,,,WPA2-Personal,no,
2026-10-09T07:43:27,3,L3-001,,,T0,laptop-taqiya,3,FILKOM EVENT,54:d7:e3:45:51:23,2412,1,2.4,20,-72.0,,,,WPA2-Personal,no,
2026-10-09T07:43:27,3,L3-001,,,T0,laptop-taqiya,3,myECO_LIDAR,4a:55:19:f0:59:58,2412,1,2.4,20,-75.0,,,,Open,no,
2026-10-09T07:43:27,3,L3-001,,,T0,laptop-taqiya,3,eduroam,54:d7:e3:45:51:22,2412,1,2.4,20,-73.0,,,,WPA2/3-Enterprise,no,
2026-10-09T07:43:27,3,L3-001,,,T0,laptop-taqiya,3,FILKOM EVENT,54:d7:e3:42:42:d3,5260,52,5.0,40,-84.0,,,,WPA2-Personal,no,
2026-10-09T07:43:27,3,L3-001,,,T0,laptop-taqiya,3,eduroam,54:d7:e3:42:42:d2,5260,52,5.0,40,-85.0,,,,WPA2/3-Enterprise,no,
2026-10-09T07:43:27,3,L3-001,,,T0,laptop-taqiya,3,WiFi-FILKOM,54:d7:e3:42:42:d1,5260,52,5.0,40,-83.0,,,,WPA2/3-Enterprise,no,
2026-10-09T07:43:27,3,L3-001,,,T0,laptop-taqiya,3,WiFi-UB.x,54:d7:e3:42:42:d0,5260,52,5.0,40,-84.0,,,,WPA2/3-Enterprise,no,
2026-10-09T07:43:27,3,L3-001,,,T0,laptop-taqiya,3,FILKOM EVENT,e8:10:98:82:0b:43,5745,149,5.0,40,-84.0,,,,WPA2-Personal,no,
2026-10-09T07:43:27,3,L3-001,,,T0,laptop-taqiya,3,eduroam,e8:10:98:82:0b:42,5745,149,5.0,40,-83.0,,,,WPA2/3-Enterprise,no,
2026-10-09T07:43:27,3,L3-001,,,T0,laptop-taqiya,3,WiFi-FILKOM,e8:10:98:82:0b:41,5745,149,5.0,40,-83.0,,,,WPA2/3-Enterprise,no,
2026-10-09T07:43:27,3,L3-001,,,T0,laptop-taqiya,3,WiFi-UB.x,e8:10:98:82:0b:40,5745,149,5.0,40,-84.0,,,,WPA2/3-Enterprise,no,
2026-10-09T07:43:27,3,L3-001,,,T0,laptop-taqiya,3,Samsung S25 Ultra,e2:82:61:7d:8d:ae,5745,149,5.0,80,-87.0,,,,WPA2/WPA3-Personal,capable,
2026-10-09T07:43:27,3,L3-001,,,T0,laptop-taqiya,3,FILKOM EVENT,e8:10:98:82:0b:23,5240,48,5.0,40,-84.0,,,,WPA2-Personal,no,
2026-10-09T07:43:27,3,L3-001,,,T0,laptop-taqiya,3,eduroam,e8:10:98:82:0b:22,5240,48,5.0,40,-85.0,,,,WPA2/3-Enterprise,no,
2026-10-09T07:43:27,3,L3-001,,,T0,laptop-taqiya,3,WiFi-FILKOM,e8:10:98:82:0b:21,5240,48,5.0,40,-84.0,,,,WPA2/3-Enterprise,no,
2026-10-09T07:43:27,3,L3-001,,,T0,laptop-taqiya,3,WiFi-UB.x,e8:10:98:82:0b:20,5240,48,5.0,40,-84.0,,,,WPA2/3-Enterprise,no,
2026-10-09T07:43:27,3,L3-001,,,T0,laptop-taqiya,3,lkjgfd,3e:c4:7f:30:14:49,5240,48,5.0,40,-80.0,,,,WPA2-Personal,no,
2026-10-09T07:43:27,3,L3-001,,,T0,laptop-taqiya,3,FILKOM EVENT,fc:7f:f1:dd:53:33,5320,64,5.0,40,-58.0,,,,WPA2-Personal,no,
2026-10-09T07:43:27,3,L3-001,,,T0,laptop-taqiya,3,eduroam,fc:7f:f1:dd:53:32,5320,64,5.0,40,-58.0,,,,WPA2/3-Enterprise,no,
2026-10-09T07:43:27,3,L3-001,,,T0,laptop-taqiya,3,WiFi-FILKOM,fc:7f:f1:dd:53:31,5320,64,5.0,40,-58.0,,,,WPA2/3-Enterprise,no,
2026-10-09T07:43:36,3,L3-001,,,T0,laptop-taqiya,4,Unite Plaechere,42:3d:77:b0:7e:9e,2462,11,2.4,20,-74.0,,,,WPA2-Personal,no,
2026-10-09T07:43:36,3,L3-001,,,T0,laptop-taqiya,4,WiFi-UB.x,fc:7f:f1:dd:53:20,2462,11,2.4,20,-67.0,,,,WPA2/3-Enterprise,no,
2026-10-09T07:43:36,3,L3-001,,,T0,laptop-taqiya,4,WiFi-UB.x,fc:7f:f1:dd:53:30,5320,64,5.0,40,-58.0,,,,WPA2/3-Enterprise,no,
2026-10-09T07:43:36,3,L3-001,,,T0,laptop-taqiya,4,Kfkfkfm,46:d9:d2:ca:4f:5a,2437,6,2.4,20,-62.0,,,,WPA2-Personal,no,
2026-10-09T07:43:36,3,L3-001,,,T0,laptop-taqiya,4,,c2:99:ab:bd:f4:e6,2437,6,2.4,20,-49.0,,,,WPA2-Personal,no,
2026-10-09T07:43:36,3,L3-001,,,T0,laptop-taqiya,4,FILKOM EVENT,54:d7:e3:45:51:23,2412,1,2.4,20,-63.0,,,,WPA2-Personal,no,
2026-10-09T07:43:36,3,L3-001,,,T0,laptop-taqiya,4,myECO_LIDAR,de:4f:22:6c:e6:c6,2412,1,2.4,20,-64.0,,,,Open,no,
2026-10-09T07:43:36,3,L3-001,,,T0,laptop-taqiya,4,nishimura,a6:ac:7b:7a:ad:b8,2412,1,2.4,20,-78.0,,,,WPA2/WPA3-Personal,capable,
2026-10-09T07:43:36,3,L3-001,,,T0,laptop-taqiya,4,APCobaX,74:4d:28:49:75:30,5280,56,5.0,40,-92.0,,,,WPA2-Personal,no,
2026-10-09T07:43:36,3,L3-001,,,T0,laptop-taqiya,4,DIRECT-WELAPTOP-VAI3VGMOmsvP,be:d2:2c:df:11:14,5785,157,5.0,20,-89.0,,,,WPA2-Personal,no,
2026-10-09T07:43:36,3,L3-001,,,T0,laptop-taqiya,4,FILKOM EVENT,e8:10:98:82:05:a3,5785,157,5.0,40,-85.0,,,,WPA2-Personal,no,
2026-10-09T07:43:36,3,L3-001,,,T0,laptop-taqiya,4,eduroam,e8:10:98:82:05:a2,5785,157,5.0,40,-84.0,,,,WPA2/3-Enterprise,no,
2026-10-09T07:43:36,3,L3-001,,,T0,laptop-taqiya,4,WiFi-FILKOM,e8:10:98:82:05:a1,5785,157,5.0,40,-85.0,,,,WPA2/3-Enterprise,no,
2026-10-09T07:43:36,3,L3-001,,,T0,laptop-taqiya,4,WiFi-UB.x,e8:10:98:82:05:a0,5785,157,5.0,40,-85.0,,,,WPA2/3-Enterprise,no,
2026-10-09T07:43:36,3,L3-001,,,T0,laptop-taqiya,4,FKUB_HotSpot_Backup,34:8f:27:c4:7c:9c,5765,153,5.0,20,-88.0,,0.0,1.6,WPA2-Personal,no,
2026-10-09T07:43:36,3,L3-001,,,T0,laptop-taqiya,4,WiFi-UB.x,34:8f:27:84:7c:9c,5765,153,5.0,20,-88.0,,1.0,1.6,WPA2/3-Enterprise,no,
2026-10-09T07:43:36,3,L3-001,,,T0,laptop-taqiya,4,eduroam,34:8f:27:44:7c:9c,5765,153,5.0,20,-88.0,,0.0,1.6,WPA2/3-Enterprise,no,
2026-10-09T07:43:36,3,L3-001,,,T0,laptop-taqiya,4,iPhone (6),ae:80:1f:3c:0c:9d,5745,149,5.0,80,-84.0,,,,WPA2/WPA3-Personal,capable,
2026-10-09T07:43:36,3,L3-001,,,T0,laptop-taqiya,4,FILKOM EVENT,e8:10:98:82:0b:43,5745,149,5.0,40,-84.0,,,,WPA2-Personal,no,
2026-10-09T07:43:36,3,L3-001,,,T0,laptop-taqiya,4,eduroam,e8:10:98:82:0b:42,5745,149,5.0,40,-86.0,,,,WPA2/3-Enterprise,no,
2026-10-09T07:43:36,3,L3-001,,,T0,laptop-taqiya,4,WiFi-FILKOM,e8:10:98:82:0b:41,5745,149,5.0,40,-86.0,,,,WPA2/3-Enterprise,no,
2026-10-09T07:43:36,3,L3-001,,,T0,laptop-taqiya,4,WiFi-UB.x,e8:10:98:82:0b:40,5745,149,5.0,40,-86.0,,,,WPA2/3-Enterprise,no,
2026-10-09T07:43:36,3,L3-001,,,T0,laptop-taqiya,4,FILKOM EVENT,fc:7f:f1:dd:53:33,5320,64,5.0,40,-54.0,,,,WPA2-Personal,no,
2026-10-09T07:43:36,3,L3-001,,,T0,laptop-taqiya,4,eduroam,fc:7f:f1:dd:53:32,5320,64,5.0,40,-58.0,,,,WPA2/3-Enterprise,no,
2026-10-09T07:43:36,3,L3-001,,,T0,laptop-taqiya,4,WiFi-FILKOM,fc:7f:f1:dd:53:31,5320,64,5.0,40,-58.0,,,,WPA2/3-Enterprise,no,
2026-10-09T07:43:36,3,L3-001,,,T0,laptop-taqiya,4,FILKOM EVENT,e8:10:98:82:0b:23,5240,48,5.0,40,-81.0,,,,WPA2-Personal,no,
2026-10-09T07:43:36,3,L3-001,,,T0,laptop-taqiya,4,eduroam,e8:10:98:82:0b:22,5240,48,5.0,40,-81.0,,,,WPA2/3-Enterprise,no,
2026-10-09T07:43:36,3,L3-001,,,T0,laptop-taqiya,4,WiFi-FILKOM,e8:10:98:82:0b:21,5240,48,5.0,40,-81.0,,,,WPA2/3-Enterprise,no,
2026-10-09T07:43:36,3,L3-001,,,T0,laptop-taqiya,4,WiFi-UB.x,e8:10:98:82:0b:20,5240,48,5.0,40,-81.0,,,,WPA2/3-Enterprise,no,
2026-10-09T07:43:36,3,L3-001,,,T0,laptop-taqiya,4,lkjgfd,3e:c4:7f:30:14:49,5240,48,5.0,40,-79.0,,,,WPA2-Personal,no,
2026-10-09T07:43:45,3,L3-001,,,T0,laptop-taqiya,5,WiFi-UB.x,fc:7f:f1:dd:53:30,5320,64,5.0,40,-60.0,,,,WPA2/3-Enterprise,no,
2026-10-09T07:43:45,3,L3-001,,,T0,laptop-taqiya,5,kuonzx,96:27:be:d6:7a:73,2437,6,2.4,20,-70.0,,,,WPA2-Personal,no,
2026-10-09T07:43:45,3,L3-001,,,T0,laptop-taqiya,5,Kfkfkfm,46:d9:d2:ca:4f:5a,2437,6,2.4,20,-65.0,,,,WPA2-Personal,no,
2026-10-09T07:43:45,3,L3-001,,,T0,laptop-taqiya,5,aldo kipan,b2:35:16:15:9f:dc,2412,1,2.4,20,-81.0,,,,WPA2-Personal,no,
2026-10-09T07:43:45,3,L3-001,,,T0,laptop-taqiya,5,eduroam,54:d7:e3:45:51:22,2412,1,2.4,20,-73.0,,,,WPA2/3-Enterprise,no,
2026-10-09T07:43:45,3,L3-001,,,T0,laptop-taqiya,5,WiFi-UB.x,54:d7:e3:45:51:20,2412,1,2.4,20,-72.0,,,,WPA2/3-Enterprise,no,
2026-10-09T07:43:45,3,L3-001,,,T0,laptop-taqiya,5,DIRECT-WELAPTOP-VAI3VGMOmsvP,be:d2:2c:df:11:14,5785,157,5.0,20,-86.0,,,,WPA2-Personal,no,
2026-10-09T07:43:45,3,L3-001,,,T0,laptop-taqiya,5,FILKOM EVENT,e8:10:98:82:05:a3,5785,157,5.0,40,-83.0,,,,WPA2-Personal,no,
2026-10-09T07:43:45,3,L3-001,,,T0,laptop-taqiya,5,WiFi-UB.x,34:8f:27:44:98:ac,5785,157,5.0,20,-82.0,,1.0,4.7,WPA2/3-Enterprise,no,
2026-10-09T07:43:45,3,L3-001,,,T0,laptop-taqiya,5,eduroam,e8:10:98:82:05:a2,5785,157,5.0,40,-83.0,,,,WPA2/3-Enterprise,no,
2026-10-09T07:43:45,3,L3-001,,,T0,laptop-taqiya,5,WiFi-FILKOM,e8:10:98:82:05:a1,5785,157,5.0,40,-83.0,,,,WPA2/3-Enterprise,no,
2026-10-09T07:43:45,3,L3-001,,,T0,laptop-taqiya,5,WiFi-UB.x,e8:10:98:82:05:a0,5785,157,5.0,40,-83.0,,,,WPA2/3-Enterprise,no,
2026-10-09T07:43:45,3,L3-001,,,T0,laptop-taqiya,5,WiFi-UB.x,ec:bd:1d:af:f6:7f,5745,149,5.0,20,-93.0,,0.0,0.8,WPA2/3-Enterprise,no,
2026-10-09T07:43:45,3,L3-001,,,T0,laptop-taqiya,5,FILKOM EVENT,e8:10:98:82:0b:43,5745,149,5.0,40,-82.0,,,,WPA2-Personal,no,
2026-10-09T07:43:45,3,L3-001,,,T0,laptop-taqiya,5,eduroam,e8:10:98:82:0b:42,5745,149,5.0,40,-82.0,,,,WPA2/3-Enterprise,no,
2026-10-09T07:43:45,3,L3-001,,,T0,laptop-taqiya,5,WiFi-FILKOM,e8:10:98:82:0b:41,5745,149,5.0,40,-83.0,,,,WPA2/3-Enterprise,no,
2026-10-09T07:43:45,3,L3-001,,,T0,laptop-taqiya,5,WiFi-UB.x,e8:10:98:82:0b:40,5745,149,5.0,40,-81.0,,,,WPA2/3-Enterprise,no,
2026-10-09T07:43:45,3,L3-001,,,T0,laptop-taqiya,5,FILKOM EVENT,fc:7f:f1:dd:53:33,5320,64,5.0,40,-58.0,,,,WPA2-Personal,no,
2026-10-09T07:43:45,3,L3-001,,,T0,laptop-taqiya,5,eduroam,fc:7f:f1:dd:53:32,5320,64,5.0,40,-58.0,,,,WPA2/3-Enterprise,no,
2026-10-09T07:43:45,3,L3-001,,,T0,laptop-taqiya,5,WiFi-FILKOM,fc:7f:f1:dd:53:31,5320,64,5.0,40,-58.0,,,,WPA2/3-Enterprise,no,
2026-10-09T07:43:45,3,L3-001,,,T0,laptop-taqiya,5,FILKOM EVENT,e8:10:98:82:0b:23,5240,48,5.0,40,-83.0,,,,WPA2-Personal,no,
2026-10-09T07:43:45,3,L3-001,,,T0,laptop-taqiya,5,eduroam,e8:10:98:82:0b:22,5240,48,5.0,40,-82.0,,,,WPA2/3-Enterprise,no,
2026-10-09T07:43:45,3,L3-001,,,T0,laptop-taqiya,5,WiFi-FILKOM,e8:10:98:82:0b:21,5240,48,5.0,40,-83.0,,,,WPA2/3-Enterprise,no,
2026-10-09T07:43:45,3,L3-001,,,T0,laptop-taqiya,5,WiFi-UB.x,e8:10:98:82:0b:20,5240,48,5.0,40,-80.0,,,,WPA2/3-Enterprise,no,
2026-10-09T07:43:45,3,L3-001,,,T0,laptop-taqiya,5,lkjgfd,3e:c4:7f:30:14:49,5240,48,5.0,40,-83.0,,,,WPA2-Personal,no,
2026-10-09T07:43:13,3,L3-001,,,T0,laptop-maulana,1,ScenXus-b0a73236b0c8,b0:a7:32:36:b0:c9,2422,3,2.4,40,-78.0,-81.0,,,OWE,no,
2026-10-09T07:43:13,3,L3-001,,,T0,laptop-maulana,1,WiFi-FILKOM,e8:10:98:82:05:a1,5785,157,5.0,40,-82.0,-98.0,,,WPA2/3-Enterprise,no,
2026-10-09T07:43:13,3,L3-001,,,T0,laptop-maulana,1,WiFi-UB.x,e8:10:98:82:05:a0,5785,157,5.0,40,-81.0,-98.0,,,WPA2/3-Enterprise,no,
2026-10-09T07:43:13,3,L3-001,,,T0,laptop-maulana,1,FILKOM EVENT,54:d7:e3:45:51:23,2412,1,2.4,20,-65.0,-81.0,,,WPA2-Personal,no,
2026-10-09T07:43:13,3,L3-001,,,T0,laptop-maulana,1,FILKOM EVENT,e8:10:98:82:05:a3,5785,157,5.0,40,-81.0,-98.0,,,WPA2-Personal,no,
2026-10-09T07:43:13,3,L3-001,,,T0,laptop-maulana,1,DIRECT-WELAPTOP-VAI3VGMOmsvP,be:d2:2c:df:11:14,5785,157,5.0,20,-80.0,-98.0,,,WPA2-Personal,no,
2026-10-09T07:43:13,3,L3-001,,,T0,laptop-maulana,1,WiFi-FILKOM,54:d7:e3:45:51:21,2412,1,2.4,20,-65.0,-81.0,,,WPA2/3-Enterprise,no,
2026-10-09T07:43:13,3,L3-001,,,T0,laptop-maulana,1,Unite Plaechere,42:3d:77:b0:7e:9e,2462,11,2.4,20,-63.0,-81.0,,,WPA2-Personal,no,
2026-10-09T07:43:13,3,L3-001,,,T0,laptop-maulana,1,iPhone Asw,c2:99:ab:bd:f4:e6,2437,6,2.4,20,-42.0,-84.0,,,WPA2-Personal,no,
2026-10-09T07:43:13,3,L3-001,,,T0,laptop-maulana,1,eduroam,e8:10:98:82:05:a2,5785,157,5.0,40,-81.0,-98.0,,,WPA2/3-Enterprise,no,
2026-10-09T07:43:13,3,L3-001,,,T0,laptop-maulana,1,FILKOM EVENT,c0:c7:0a:98:3a:72,5765,153,5.0,20,-85.0,-98.0,1.0,27.5,WPA2-Personal,capable,
2026-10-09T07:43:13,3,L3-001,,,T0,laptop-maulana,1,Kfkfkfm,46:d9:d2:ca:4f:5a,2437,6,2.4,20,-52.0,-80.0,,,WPA2-Personal,no,
2026-10-09T07:43:19,3,L3-001,,,T0,laptop-maulana,2,ScenXus-b0a73236b0c8,b0:a7:32:36:b0:c9,2422,3,2.4,40,-78.0,-81.0,,,OWE,no,
2026-10-09T07:43:19,3,L3-001,,,T0,laptop-maulana,2,WiFi-FILKOM,e8:10:98:82:05:a1,5785,157,5.0,40,-82.0,-98.0,,,WPA2/3-Enterprise,no,
2026-10-09T07:43:19,3,L3-001,,,T0,laptop-maulana,2,WiFi-UB.x,e8:10:98:82:05:a0,5785,157,5.0,40,-81.0,-98.0,,,WPA2/3-Enterprise,no,
2026-10-09T07:43:19,3,L3-001,,,T0,laptop-maulana,2,FILKOM EVENT,54:d7:e3:45:51:23,2412,1,2.4,20,-65.0,-81.0,,,WPA2-Personal,no,
2026-10-09T07:43:19,3,L3-001,,,T0,laptop-maulana,2,FILKOM EVENT,e8:10:98:82:05:a3,5785,157,5.0,40,-81.0,-98.0,,,WPA2-Personal,no,
2026-10-09T07:43:19,3,L3-001,,,T0,laptop-maulana,2,DIRECT-WELAPTOP-VAI3VGMOmsvP,be:d2:2c:df:11:14,5785,157,5.0,20,-80.0,-98.0,,,WPA2-Personal,no,
2026-10-09T07:43:19,3,L3-001,,,T0,laptop-maulana,2,,c2:99:ab:bd:f4:e6,2437,6,2.4,20,-41.0,-81.0,,,WPA2-Personal,no,
2026-10-09T07:43:19,3,L3-001,,,T0,laptop-maulana,2,WiFi-FILKOM,54:d7:e3:45:51:21,2412,1,2.4,20,-65.0,-81.0,,,WPA2/3-Enterprise,no,
2026-10-09T07:43:19,3,L3-001,,,T0,laptop-maulana,2,Unite Plaechere,42:3d:77:b0:7e:9e,2462,11,2.4,20,-63.0,-81.0,,,WPA2-Personal,no,
2026-10-09T07:43:19,3,L3-001,,,T0,laptop-maulana,2,eduroam,e8:10:98:82:05:a2,5785,157,5.0,40,-81.0,-98.0,,,WPA2/3-Enterprise,no,
2026-10-09T07:43:19,3,L3-001,,,T0,laptop-maulana,2,iPhone Asw,c2:99:ab:bd:f4:e6,2437,6,2.4,20,-42.0,-84.0,,,WPA2-Personal,no,
2026-10-09T07:43:19,3,L3-001,,,T0,laptop-maulana,2,FILKOM EVENT,c0:c7:0a:98:3a:72,5765,153,5.0,20,-85.0,-98.0,1.0,27.5,WPA2-Personal,capable,
2026-10-09T07:43:19,3,L3-001,,,T0,laptop-maulana,2,Kfkfkfm,46:d9:d2:ca:4f:5a,2437,6,2.4,20,-52.0,-80.0,,,WPA2-Personal,no,
2026-10-09T07:43:24,3,L3-001,,,T0,laptop-maulana,3,eduroam,e8:10:98:82:05:a2,5785,157,5.0,40,-81.0,-100.0,,,WPA2/3-Enterprise,no,
2026-10-09T07:43:24,3,L3-001,,,T0,laptop-maulana,3,eduroam,e8:10:98:82:0b:42,5745,149,5.0,40,-82.0,-100.0,,,WPA2/3-Enterprise,no,
2026-10-09T07:43:24,3,L3-001,,,T0,laptop-maulana,3,WiFi-FILKOM,e8:10:98:82:0b:41,5745,149,5.0,40,-82.0,-100.0,,,WPA2/3-Enterprise,no,
2026-10-09T07:43:24,3,L3-001,,,T0,laptop-maulana,3,FILKOM EVENT,54:d7:e3:45:51:23,2412,1,2.4,20,-68.0,-78.0,,,WPA2-Personal,no,
2026-10-09T07:43:24,3,L3-001,,,T0,laptop-maulana,3,ScenXus-b0a73236b0c8,b0:a7:32:36:b0:c9,2422,3,2.4,40,-74.0,-78.0,,,OWE,no,
2026-10-09T07:43:24,3,L3-001,,,T0,laptop-maulana,3,eduroam,c0:c7:0a:98:3a:70,5765,153,5.0,20,-83.0,-100.0,0.0,23.9,WPA2/3-Enterprise,capable,
2026-10-09T07:43:24,3,L3-001,,,T0,laptop-maulana,3,DIRECT-WELAPTOP-VAI3VGMOmsvP,be:d2:2c:df:11:14,5785,157,5.0,20,-82.0,-100.0,,,WPA2-Personal,no,
2026-10-09T07:43:24,3,L3-001,,,T0,laptop-maulana,3,iPhone (6),ae:80:1f:3c:0c:9d,5745,149,5.0,80,-87.0,-100.0,,,WPA2/WPA3-Personal,capable,
2026-10-09T07:43:24,3,L3-001,,,T0,laptop-maulana,3,FILKOM EVENT,e8:10:98:82:0b:43,5745,149,5.0,40,-82.0,-100.0,,,WPA2-Personal,no,
2026-10-09T07:43:24,3,L3-001,,,T0,laptop-maulana,3,WiFi-FILKOM,54:d7:e3:45:51:21,2412,1,2.4,20,-68.0,-78.0,,,WPA2/3-Enterprise,no,
2026-10-09T07:43:24,3,L3-001,,,T0,laptop-maulana,3,Unite Plaechere,42:3d:77:b0:7e:9e,2462,11,2.4,20,-63.0,-81.0,,,WPA2-Personal,no,
2026-10-09T07:43:24,3,L3-001,,,T0,laptop-maulana,3,WiFi-UB.x,54:d7:e3:45:51:20,2412,1,2.4,20,-69.0,-78.0,,,WPA2/3-Enterprise,no,
2026-10-09T07:43:24,3,L3-001,,,T0,laptop-maulana,3,Samsung S25 Ultra,e2:82:61:7d:8d:ae,5745,149,5.0,80,-76.0,-100.0,,,WPA2/WPA3-Personal,capable,
2026-10-09T07:43:24,3,L3-001,,,T0,laptop-maulana,3,FILKOM EVENT,e8:10:98:82:05:a3,5785,157,5.0,40,-80.0,-100.0,,,WPA2-Personal,no,
2026-10-09T07:43:24,3,L3-001,,,T0,laptop-maulana,3,WiFi-FILKOM,e8:10:98:82:05:a1,5785,157,5.0,40,-81.0,-100.0,,,WPA2/3-Enterprise,no,
2026-10-09T07:43:24,3,L3-001,,,T0,laptop-maulana,3,Kfkfkfm,46:d9:d2:ca:4f:5a,2437,6,2.4,20,-52.0,-80.0,,,WPA2-Personal,no,
2026-10-09T07:43:24,3,L3-001,,,T0,laptop-maulana,3,FILKOM EVENT,c0:c7:0a:98:3a:72,5765,153,5.0,20,-83.0,-100.0,1.0,23.9,WPA2-Personal,capable,
2026-10-09T07:43:24,3,L3-001,,,T0,laptop-maulana,3,aldo kipan,b2:35:16:15:9f:dc,2412,1,2.4,20,-73.0,-78.0,,,WPA2-Personal,no,
2026-10-09T07:43:24,3,L3-001,,,T0,laptop-maulana,3,WiFi-UB.x,e8:10:98:82:0b:40,5745,149,5.0,40,-82.0,-100.0,,,WPA2/3-Enterprise,no,
2026-10-09T07:43:24,3,L3-001,,,T0,laptop-maulana,3,WiFi-UB.x,e8:10:98:82:05:a0,5785,157,5.0,40,-81.0,-100.0,,,WPA2/3-Enterprise,no,
2026-10-09T07:43:24,3,L3-001,,,T0,laptop-maulana,3,iPhone Asw,c2:99:ab:bd:f4:e6,2437,6,2.4,20,-43.0,-80.0,,,WPA2-Personal,no,
2026-10-09T07:43:30,3,L3-001,,,T0,laptop-maulana,4,eduroam,e8:10:98:82:05:a2,5785,157,5.0,40,-81.0,-100.0,,,WPA2/3-Enterprise,no,
2026-10-09T07:43:30,3,L3-001,,,T0,laptop-maulana,4,eduroam,e8:10:98:82:0b:42,5745,149,5.0,40,-82.0,-100.0,,,WPA2/3-Enterprise,no,
2026-10-09T07:43:30,3,L3-001,,,T0,laptop-maulana,4,WiFi-FILKOM,e8:10:98:82:0b:41,5745,149,5.0,40,-82.0,-100.0,,,WPA2/3-Enterprise,no,
2026-10-09T07:43:30,3,L3-001,,,T0,laptop-maulana,4,FILKOM EVENT,54:d7:e3:45:51:23,2412,1,2.4,20,-68.0,-78.0,,,WPA2-Personal,no,
2026-10-09T07:43:30,3,L3-001,,,T0,laptop-maulana,4,ScenXus-b0a73236b0c8,b0:a7:32:36:b0:c9,2422,3,2.4,40,-74.0,-78.0,,,OWE,no,
2026-10-09T07:43:30,3,L3-001,,,T0,laptop-maulana,4,eduroam,c0:c7:0a:98:3a:70,5765,153,5.0,20,-83.0,-100.0,0.0,23.9,WPA2/3-Enterprise,capable,
2026-10-09T07:43:30,3,L3-001,,,T0,laptop-maulana,4,DIRECT-WELAPTOP-VAI3VGMOmsvP,be:d2:2c:df:11:14,5785,157,5.0,20,-82.0,-100.0,,,WPA2-Personal,no,
2026-10-09T07:43:30,3,L3-001,,,T0,laptop-maulana,4,iPhone (6),ae:80:1f:3c:0c:9d,5745,149,5.0,80,-87.0,-100.0,,,WPA2/WPA3-Personal,capable,
2026-10-09T07:43:30,3,L3-001,,,T0,laptop-maulana,4,FILKOM EVENT,e8:10:98:82:0b:43,5745,149,5.0,40,-82.0,-100.0,,,WPA2-Personal,no,
2026-10-09T07:43:30,3,L3-001,,,T0,laptop-maulana,4,WiFi-FILKOM,54:d7:e3:45:51:21,2412,1,2.4,20,-68.0,-78.0,,,WPA2/3-Enterprise,no,
2026-10-09T07:43:30,3,L3-001,,,T0,laptop-maulana,4,,c2:99:ab:bd:f4:e6,2437,6,2.4,20,-41.0,-81.0,,,WPA2-Personal,no,
2026-10-09T07:43:30,3,L3-001,,,T0,laptop-maulana,4,Unite Plaechere,42:3d:77:b0:7e:9e,2462,11,2.4,20,-63.0,-81.0,,,WPA2-Personal,no,
2026-10-09T07:43:30,3,L3-001,,,T0,laptop-maulana,4,WiFi-UB.x,54:d7:e3:45:51:20,2412,1,2.4,20,-69.0,-78.0,,,WPA2/3-Enterprise,no,
2026-10-09T07:43:30,3,L3-001,,,T0,laptop-maulana,4,Samsung S25 Ultra,e2:82:61:7d:8d:ae,5745,149,5.0,80,-76.0,-100.0,,,WPA2/WPA3-Personal,capable,
2026-10-09T07:43:30,3,L3-001,,,T0,laptop-maulana,4,FILKOM EVENT,e8:10:98:82:05:a3,5785,157,5.0,40,-80.0,-100.0,,,WPA2-Personal,no,
2026-10-09T07:43:30,3,L3-001,,,T0,laptop-maulana,4,WiFi-FILKOM,e8:10:98:82:05:a1,5785,157,5.0,40,-81.0,-100.0,,,WPA2/3-Enterprise,no,
2026-10-09T07:43:30,3,L3-001,,,T0,laptop-maulana,4,Kfkfkfm,46:d9:d2:ca:4f:5a,2437,6,2.4,20,-52.0,-80.0,,,WPA2-Personal,no,
2026-10-09T07:43:30,3,L3-001,,,T0,laptop-maulana,4,FILKOM EVENT,c0:c7:0a:98:3a:72,5765,153,5.0,20,-83.0,-100.0,1.0,23.9,WPA2-Personal,capable,
2026-10-09T07:43:30,3,L3-001,,,T0,laptop-maulana,4,aldo kipan,b2:35:16:15:9f:dc,2412,1,2.4,20,-73.0,-78.0,,,WPA2-Personal,no,
2026-10-09T07:43:30,3,L3-001,,,T0,laptop-maulana,4,WiFi-UB.x,e8:10:98:82:0b:40,5745,149,5.0,40,-82.0,-100.0,,,WPA2/3-Enterprise,no,
2026-10-09T07:43:30,3,L3-001,,,T0,laptop-maulana,4,WiFi-UB.x,e8:10:98:82:05:a0,5785,157,5.0,40,-81.0,-100.0,,,WPA2/3-Enterprise,no,
2026-10-09T07:43:30,3,L3-001,,,T0,laptop-maulana,4,iPhone Asw,c2:99:ab:bd:f4:e6,2437,6,2.4,20,-43.0,-80.0,,,WPA2-Personal,no,
2026-10-09T07:43:36,3,L3-001,,,T0,laptop-maulana,5,eduroam,e8:10:98:82:05:a2,5785,157,5.0,40,-82.0,-100.0,,,WPA2/3-Enterprise,no,
2026-10-09T07:43:36,3,L3-001,,,T0,laptop-maulana,5,eduroam,e8:10:98:82:0b:42,5745,149,5.0,40,-83.0,-100.0,,,WPA2/3-Enterprise,no,
2026-10-09T07:43:36,3,L3-001,,,T0,laptop-maulana,5,WiFi-FILKOM,e8:10:98:82:0b:41,5745,149,5.0,40,-83.0,-100.0,,,WPA2/3-Enterprise,no,
2026-10-09T07:43:36,3,L3-001,,,T0,laptop-maulana,5,FILKOM EVENT,54:d7:e3:45:51:23,2412,1,2.4,20,-68.0,-80.0,,,WPA2-Personal,no,
2026-10-09T07:43:36,3,L3-001,,,T0,laptop-maulana,5,ScenXus-b0a73236b0c8,b0:a7:32:36:b0:c9,2422,3,2.4,40,-74.0,-78.0,,,OWE,no,
2026-10-09T07:43:36,3,L3-001,,,T0,laptop-maulana,5,eduroam,c0:c7:0a:98:3a:70,5765,153,5.0,20,-83.0,-100.0,0.0,18.8,WPA2/3-Enterprise,capable,
2026-10-09T07:43:36,3,L3-001,,,T0,laptop-maulana,5,DIRECT-WELAPTOP-VAI3VGMOmsvP,be:d2:2c:df:11:14,5785,157,5.0,20,-82.0,-100.0,,,WPA2-Personal,no,
2026-10-09T07:43:36,3,L3-001,,,T0,laptop-maulana,5,iPhone (6),ae:80:1f:3c:0c:9d,5745,149,5.0,80,-84.0,-100.0,,,WPA2/WPA3-Personal,capable,
2026-10-09T07:43:36,3,L3-001,,,T0,laptop-maulana,5,FILKOM EVENT,e8:10:98:82:0b:43,5745,149,5.0,40,-83.0,-100.0,,,WPA2-Personal,no,
2026-10-09T07:43:36,3,L3-001,,,T0,laptop-maulana,5,WiFi-FILKOM,54:d7:e3:45:51:21,2412,1,2.4,20,-68.0,-80.0,,,WPA2/3-Enterprise,no,
2026-10-09T07:43:36,3,L3-001,,,T0,laptop-maulana,5,Lia's Galaxy A33 5G,52:ae:52:22:ad:64,2462,11,2.4,20,-59.0,-80.0,,,WPA2-Personal,no,
2026-10-09T07:43:36,3,L3-001,,,T0,laptop-maulana,5,Unite Plaechere,42:3d:77:b0:7e:9e,2462,11,2.4,20,-66.0,-80.0,,,WPA2-Personal,no,
2026-10-09T07:43:36,3,L3-001,,,T0,laptop-maulana,5,WiFi-UB.x,54:d7:e3:45:51:20,2412,1,2.4,20,-68.0,-80.0,,,WPA2/3-Enterprise,no,
2026-10-09T07:43:36,3,L3-001,,,T0,laptop-maulana,5,eduroam,00:e6:3a:10:eb:0c,5805,161,5.0,20,-92.0,-100.0,0.0,1.2,WPA2/3-Enterprise,capable,
2026-10-09T07:43:36,3,L3-001,,,T0,laptop-maulana,5,Samsung S25 Ultra,e2:82:61:7d:8d:ae,5745,149,5.0,80,-81.0,-100.0,,,WPA2/WPA3-Personal,capable,
2026-10-09T07:43:36,3,L3-001,,,T0,laptop-maulana,5,nishimura,a6:ac:7b:7a:ad:b8,2412,1,2.4,20,-80.0,-80.0,,,WPA2/WPA3-Personal,capable,
2026-10-09T07:43:36,3,L3-001,,,T0,laptop-maulana,5,FILKOM EVENT,e8:10:98:82:05:a3,5785,157,5.0,40,-82.0,-100.0,,,WPA2-Personal,no,
2026-10-09T07:43:36,3,L3-001,,,T0,laptop-maulana,5,WiFi-FILKOM,e8:10:98:82:05:a1,5785,157,5.0,40,-83.0,-100.0,,,WPA2/3-Enterprise,no,
2026-10-09T07:43:36,3,L3-001,,,T0,laptop-maulana,5,Kfkfkfm,46:d9:d2:ca:4f:5a,2437,6,2.4,20,-55.0,-80.0,,,WPA2-Personal,no,
2026-10-09T07:43:36,3,L3-001,,,T0,laptop-maulana,5,eduroam,54:d7:e3:45:51:22,2412,1,2.4,20,-68.0,-80.0,,,WPA2/3-Enterprise,no,
2026-10-09T07:43:36,3,L3-001,,,T0,laptop-maulana,5,FILKOM EVENT,c0:c7:0a:98:3a:72,5765,153,5.0,20,-83.0,-100.0,1.0,18.8,WPA2-Personal,capable,
2026-10-09T07:43:36,3,L3-001,,,T0,laptop-maulana,5,aldo kipan,b2:35:16:15:9f:dc,2412,1,2.4,20,-73.0,-78.0,,,WPA2-Personal,no,
2026-10-09T07:43:36,3,L3-001,,,T0,laptop-maulana,5,WiFi-UB.x,e8:10:98:82:0b:40,5745,149,5.0,40,-83.0,-100.0,,,WPA2/3-Enterprise,no,
2026-10-09T07:43:36,3,L3-001,,,T0,laptop-maulana,5,WiFi-UB.x,e8:10:98:82:05:a0,5785,157,5.0,40,-82.0,-100.0,,,WPA2/3-Enterprise,no,
2026-10-09T07:43:36,3,L3-001,,,T0,laptop-maulana,5,iPhone Asw,c2:99:ab:bd:f4:e6,2437,6,2.4,20,-47.0,-85.0,,,WPA2-Personal,no,
