titik_id,lantai,x_px,y_px,jenis_area,keterangan
L3-001,3,1133,410,,
L3-002,3,163,276,,
L3-003,3,70,201,,
L3-004,3,281,279,,
L3-005,3,451,273,,
L3-006,3,359,353,,
L3-007,3,167,543,,
L3-008,3,71,616,,
L3-009,3,286,539,,
L3-010,3,446,541,,
L3-011,3,357,464,,
L3-012,3,670,698,,
L3-013,3,881,701,,
L3-014,3,1030,724,,
L3-015,3,1123,696,,
L3-016,3,1218,694,,
L3-017,3,1224,121,,
L3-018,3,1072,85,,
L3-019,3,940,124,,
L3-020,3,789,60,,
L3-021,3,659,123,,
L3-022,3,745,509,,
L3-023,3,837,419,,
L3-024,3,770,320,,
L3-025,3,925,328,,
L3-026,3,920,495,,
L3-027,3,1082,518,,
L3-028,3,998,422,,
L3-029,3,1063,292,,
L3-030,3,1001,401,,
L3-031,3,600,214,,
L3-032,3,602,257,,
L3-033,3,608,347,,
L3-034,3,637,584,,
